doc_id,customer_id,policy_id,interaction_id,doc_type,title,content,created_at
DOC-POL-000001,CUST-001,POL-000001,,policy_summary,Auto Insurance Policy POL-000001 for Maria Chen,"POLICY SUMMARY DOCUMENT
=======================

Policy Number: POL-000001
Policy Type: Auto Insurance
Policyholder: Maria Chen (CUST-001)
Address: 742 Evergreen Terrace, Springfield, IL 62704

Effective Date: 2025-09-11
Expiration Date: 2026-09-11
Status: Active
Annual Premium: $1,200.00
Payment Frequency: Monthly

COVERAGES
---------
  - Liability: Limit $219,000.00, Deductible $0.00
  - Collision: Limit $54,000.00, Deductible $1,600.00
  - Comprehensive: Limit $65,000.00, Deductible $1,000.00

IMPORTANT NOTICES
-----------------
This policy is subject to all terms, conditions, and exclusions described in the full policy contract. Coverage limits represent the maximum amount payable per occurrence. Deductibles are the amount the policyholder must pay before coverage applies. Premium amounts are subject to change at renewal based on claims history, coverage changes, and applicable rate filings. Contact your agent for questions about your coverage.
",2025-09-06T00:00:00
DOC-POL-000002,CUST-001,POL-000002,,policy_summary,Home Insurance Policy POL-000002 for Maria Chen,"POLICY SUMMARY DOCUMENT
=======================

Policy Number: POL-000002
Policy Type: Home Insurance
Policyholder: Maria Chen (CUST-001)
Address: 742 Evergreen Terrace, Springfield, IL 62704

Effective Date: 2026-02-27
Expiration Date: 2027-03-24
Status: Active
Annual Premium: $1,800.00
Payment Frequency: Monthly

COVERAGES
---------
  - Dwelling: Limit $728,000.00, Deductible $4,100.00
  - Personal Property: Limit $54,000.00, Deductible $2,200.00
  - Liability: Limit $328,000.00, Deductible $0.00

IMPORTANT NOTICES
-----------------
This policy is subject to all terms, conditions, and exclusions described in the full policy contract. Coverage limits represent the maximum amount payable per occurrence. Deductibles are the amount the policyholder must pay before coverage applies. Premium amounts are subject to change at renewal based on claims history, coverage changes, and applicable rate filings. Contact your agent for questions about your coverage.
",2026-02-22T00:00:00
DOC-POL-000003,CUST-002,POL-000003,,policy_summary,Auto Insurance Policy POL-000003 for James Rodriguez,"POLICY SUMMARY DOCUMENT
=======================

Policy Number: POL-000003
Policy Type: Auto Insurance
Policyholder: James Rodriguez (CUST-002)
Address: 456 Oak Ave, Austin, TX 78702

Effective Date: 2025-09-17
Expiration Date: 2026-09-17
Status: Active
Annual Premium: $1,350.00
Payment Frequency: Monthly

COVERAGES
---------
  - Liability: Limit $366,000.00, Deductible $0.00
  - Collision: Limit $62,000.00, Deductible $1,800.00

IMPORTANT NOTICES
-----------------
This policy is subject to all terms, conditions, and exclusions described in the full policy contract. Coverage limits represent the maximum amount payable per occurrence. Deductibles are the amount the policyholder must pay before coverage applies. Premium amounts are subject to change at renewal based on claims history, coverage changes, and applicable rate filings. Contact your agent for questions about your coverage.
",2025-09-12T00:00:00
DOC-POL-000004,CUST-003,POL-000004,,policy_summary,Auto Insurance Policy POL-000004 for Patricia Williams,"POLICY SUMMARY DOCUMENT
=======================

Policy Number: POL-000004
Policy Type: Auto Insurance
Policyholder: Patricia Williams (CUST-003)
Address: 789 Elm Dr, Portland, OR 97202

Effective Date: 2025-09-07
Expiration Date: 2026-09-07
Status: Active
Annual Premium: $1,100.00
Payment Frequency: Monthly

COVERAGES
---------
  - Liability: Limit $421,000.00, Deductible $0.00
  - Collision: Limit $36,000.00, Deductible $1,900.00

IMPORTANT NOTICES
-----------------
This policy is subject to all terms, conditions, and exclusions described in the full policy contract. Coverage limits represent the maximum amount payable per occurrence. Deductibles are the amount the policyholder must pay before coverage applies. Premium amounts are subject to change at renewal based on claims history, coverage changes, and applicable rate filings. Contact your agent for questions about your coverage.
",2025-09-02T00:00:00
DOC-POL-000005,CUST-003,POL-000005,,policy_summary,Home Insurance Policy POL-000005 for Patricia Williams,"POLICY SUMMARY DOCUMENT
=======================

Policy Number: POL-000005
Policy Type: Home Insurance
Policyholder: Patricia Williams (CUST-003)
Address: 789 Elm Dr, Portland, OR 97202

Effective Date: 2026-02-07
Expiration Date: 2027-02-07
Status: Active
Annual Premium: $1,650.00
Payment Frequency: Quarterly

COVERAGES
---------
  - Dwelling: Limit $266,000.00, Deductible $3,400.00
  - Personal Property: Limit $62,000.00, Deductible $1,500.00
  - Liability: Limit $476,000.00, Deductible $0.00

IMPORTANT NOTICES
-----------------
This policy is subject to all terms, conditions, and exclusions described in the full policy contract. Coverage limits represent the maximum amount payable per occurrence. Deductibles are the amount the policyholder must pay before coverage applies. Premium amounts are subject to change at renewal based on claims history, coverage changes, and applicable rate filings. Contact your agent for questions about your coverage.
",2026-02-02T00:00:00
DOC-POL-000006,CUST-004,POL-000006,,policy_summary,Auto Insurance Policy POL-000006 for Robert Thompson,"POLICY SUMMARY DOCUMENT
=======================

Policy Number: POL-000006
Policy Type: Auto Insurance
Policyholder: Robert Thompson (CUST-004)
Address: 321 Pine Rd, Denver, CO 80202

Effective Date: 2026-01-03
Expiration Date: 2027-01-03
Status: Active
Annual Premium: $1,400.00
Payment Frequency: Monthly

COVERAGES
---------
  - Liability: Limit $403,000.00, Deductible $0.00
  - Collision: Limit $33,000.00, Deductible $2,000.00
  - Comprehensive: Limit $47,000.00, Deductible $900.00

IMPORTANT NOTICES
-----------------
This policy is subject to all terms, conditions, and exclusions described in the full policy contract. Coverage limits represent the maximum amount payable per occurrence. Deductibles are the amount the policyholder must pay before coverage applies. Premium amounts are subject to change at renewal based on claims history, coverage changes, and applicable rate filings. Contact your agent for questions about your coverage.
",2025-12-29T00:00:00
DOC-POL-000007,CUST-005,POL-000007,,policy_summary,Home Insurance Policy POL-000007 for Linda Martinez,"POLICY SUMMARY DOCUMENT
=======================

Policy Number: POL-000007
Policy Type: Home Insurance
Policyholder: Linda Martinez (CUST-005)
Address: 654 Maple Ln, Seattle, WA 98102

Effective Date: 2025-09-15
Expiration Date: 2026-09-15
Status: Active
Annual Premium: $1,900.00
Payment Frequency: Monthly

COVERAGES
---------
  - Dwelling: Limit $365,000.00, Deductible $2,200.00
  - Personal Property: Limit $179,000.00, Deductible $1,900.00
  - Liability: Limit $263,000.00, Deductible $0.00

IMPORTANT NOTICES
-----------------
This policy is subject to all terms, conditions, and exclusions described in the full policy contract. Coverage limits represent the maximum amount payable per occurrence. Deductibles are the amount the policyholder must pay before coverage applies. Premium amounts are subject to change at renewal based on claims history, coverage changes, and applicable rate filings. Contact your agent for questions about your coverage.
",2025-09-10T00:00:00
DOC-POL-000008,CUST-006,POL-000008,,policy_summary,Auto Insurance Policy POL-000008 for Michael Davis,"POLICY SUMMARY DOCUMENT
=======================

Policy Number: POL-000008
Policy Type: Auto Insurance
Policyholder: Michael Davis (CUST-006)
Address: 987 Cedar Ct, Boston, MA 02102

Effective Date: 2025-09-20
Expiration Date: 2026-09-20
Status: Active
Annual Premium: $1,250.00
Payment Frequency: Monthly

COVERAGES
---------
  - Liability: Limit $294,000.00, Deductible $0.00
  - Collision: Limit $29,000.00, Deductible $700.00

IMPORTANT NOTICES
-----------------
This policy is subject to all terms, conditions, and exclusions described in the full policy contract. Coverage limits represent the maximum amount payable per occurrence. Deductibles are the amount the policyholder must pay before coverage applies. Premium amounts are subject to change at renewal based on claims history, coverage changes, and applicable rate filings. Contact your agent for questions about your coverage.
",2025-09-15T00:00:00
DOC-POL-000009,CUST-007,POL-000009,,policy_summary,Home Insurance Policy POL-000009 for Jennifer Garcia,"POLICY SUMMARY DOCUMENT
=======================

Policy Number: POL-000009
Policy Type: Home Insurance
Policyholder: Jennifer Garcia (CUST-007)
Address: 147 Birch Way, Phoenix, AZ 85002

Effective Date: 2025-09-10
Expiration Date: 2026-09-10
Status: Active
Annual Premium: $2,100.00
Payment Frequency: Monthly

COVERAGES
---------
  - Dwelling: Limit $257,000.00, Deductible $3,600.00
  - Personal Property: Limit $112,000.00, Deductible $500.00

IMPORTANT NOTICES
-----------------
This policy is subject to all terms, conditions, and exclusions described in the full policy contract. Coverage limits represent the maximum amount payable per occurrence. Deductibles are the amount the policyholder must pay before coverage applies. Premium amounts are subject to change at renewal based on claims history, coverage changes, and applicable rate filings. Contact your agent for questions about your coverage.
",2025-09-05T00:00:00
DOC-POL-000010,CUST-008,POL-000010,,policy_summary,Auto Insurance Policy POL-000010 for William Anderson,"POLICY SUMMARY DOCUMENT
=======================

Policy Number: POL-000010
Policy Type: Auto Insurance
Policyholder: William Anderson (CUST-008)
Address: 258 Walnut Blvd, Nashville, TN 37202

Effective Date: 2025-10-10
Expiration Date: 2026-10-10
Status: Active
Annual Premium: $1,500.00
Payment Frequency: Monthly

COVERAGES
---------
  - Liability: Limit $328,000.00, Deductible $0.00
  - Collision: Limit $52,000.00, Deductible $1,800.00
  - Comprehensive: Limit $55,000.00, Deductible $600.00

IMPORTANT NOTICES
-----------------
This policy is subject to all terms, conditions, and exclusions described in the full policy contract. Coverage limits represent the maximum amount payable per occurrence. Deductibles are the amount the policyholder must pay before coverage applies. Premium amounts are subject to change at renewal based on claims history, coverage changes, and applicable rate filings. Contact your agent for questions about your coverage.
",2025-10-05T00:00:00
DOC-POL-000011,CUST-009,POL-000011,,policy_summary,Home Insurance Policy POL-000011 for Elizabeth Taylor,"POLICY SUMMARY DOCUMENT
=======================

Policy Number: POL-000011
Policy Type: Home Insurance
Policyholder: Elizabeth Taylor (CUST-009)
Address: 369 Spruce Pl, Columbus, OH 43202

Effective Date: 2025-09-17
Expiration Date: 2026-09-17
Status: Active
Annual Premium: $1,750.00
Payment Frequency: Monthly

COVERAGES
---------
  - Dwelling: Limit $366,000.00, Deductible $3,800.00
  - Personal Property: Limit $123,000.00, Deductible $2,300.00

IMPORTANT NOTICES
-----------------
This policy is subject to all terms, conditions, and exclusions described in the full policy contract. Coverage limits represent the maximum amount payable per occurrence. Deductibles are the amount the policyholder must pay before coverage applies. Premium amounts are subject to change at renewal based on claims history, coverage changes, and applicable rate filings. Contact your agent for questions about your coverage.
",2025-09-12T00:00:00
DOC-POL-000012,CUST-010,POL-000012,,policy_summary,Renters Insurance Policy POL-000012 for Daniel Moore,"POLICY SUMMARY DOCUMENT
=======================

Policy Number: POL-000012
Policy Type: Renters Insurance
Policyholder: Daniel Moore (CUST-010)
Address: 471 Ash St, Charlotte, NC 28202

Effective Date: 2025-10-25
Expiration Date: 2026-10-25
Status: Active
Annual Premium: $480.00
Payment Frequency: Monthly

COVERAGES
---------
  - Personal Property: Limit $106,000.00, Deductible $1,100.00
  - Liability: Limit $114,000.00, Deductible $0.00

IMPORTANT NOTICES
-----------------
This policy is subject to all terms, conditions, and exclusions described in the full policy contract. Coverage limits represent the maximum amount payable per occurrence. Deductibles are the amount the policyholder must pay before coverage applies. Premium amounts are subject to change at renewal based on claims history, coverage changes, and applicable rate filings. Contact your agent for questions about your coverage.
",2025-10-20T00:00:00
DOC-POL-000013,CUST-011,POL-000013,,policy_summary,Auto Insurance Policy POL-000013 for Richard Wilson,"POLICY SUMMARY DOCUMENT
=======================

Policy Number: POL-000013
Policy Type: Auto Insurance
Policyholder: Richard Wilson (CUST-011)
Address: 582 Willow Ave, Minneapolis, MN 55402

Effective Date: 2025-09-23
Expiration Date: 2026-09-23
Status: Active
Annual Premium: $1,300.00
Payment Frequency: Monthly

COVERAGES
---------
  - Liability: Limit $111,000.00, Deductible $0.00
  - Collision: Limit $62,000.00, Deductible $1,500.00

IMPORTANT NOTICES
-----------------
This policy is subject to all terms, conditions, and exclusions described in the full policy contract. Coverage limits represent the maximum amount payable per occurrence. Deductibles are the amount the policyholder must pay before coverage applies. Premium amounts are subject to change at renewal based on claims history, coverage changes, and applicable rate filings. Contact your agent for questions about your coverage.
",2025-09-18T00:00:00
DOC-POL-000014,CUST-011,POL-000014,,policy_summary,Home Insurance Policy POL-000014 for Richard Wilson,"POLICY SUMMARY DOCUMENT
=======================

Policy Number: POL-000014
Policy Type: Home Insurance
Policyholder: Richard Wilson (CUST-011)
Address: 582 Willow Ave, Minneapolis, MN 55402

Effective Date: 2026-02-07
Expiration Date: 2027-02-07
Status: Active
Annual Premium: $2,200.00
Payment Frequency: Quarterly

COVERAGES
---------
  - Dwelling: Limit $537,000.00, Deductible $2,900.00
  - Personal Property: Limit $180,000.00, Deductible $1,000.00

IMPORTANT NOTICES
-----------------
This policy is subject to all terms, conditions, and exclusions described in the full policy contract. Coverage limits represent the maximum amount payable per occurrence. Deductibles are the amount the policyholder must pay before coverage applies. Premium amounts are subject to change at renewal based on claims history, coverage changes, and applicable rate filings. Contact your agent for questions about your coverage.
",2026-02-02T00:00:00
DOC-POL-000015,CUST-011,POL-000015,,policy_summary,Umbrella Insurance Policy POL-000015 for Richard Wilson,"POLICY SUMMARY DOCUMENT
=======================

Policy Number: POL-000015
Policy Type: Umbrella Insurance
Policyholder: Richard Wilson (CUST-011)
Address: 582 Willow Ave, Minneapolis, MN 55402

Effective Date: 2025-08-26
Expiration Date: 2026-12-04
Status: Active
Annual Premium: $500.00
Payment Frequency: Annual

COVERAGES
---------
  - Umbrella Excess: Limit $2,389,000.00, Deductible $0.00

IMPORTANT NOTICES
-----------------
This policy is subject to all terms, conditions, and exclusions described in the full policy contract. Coverage limits represent the maximum amount payable per occurrence. Deductibles are the amount the policyholder must pay before coverage applies. Premium amounts are subject to change at renewal based on claims history, coverage changes, and applicable rate filings. Contact your agent for questions about your coverage.
",2025-08-21T00:00:00
DOC-POL-000016,CUST-011B,POL-000016,,policy_summary,Auto Insurance Policy POL-000016 for Susan Wilson,"POLICY SUMMARY DOCUMENT
=======================

Policy Number: POL-000016
Policy Type: Auto Insurance
Policyholder: Susan Wilson (CUST-011B)
Address: 582 Willow Ave, Minneapolis, MN 55402

Effective Date: 2025-09-30
Expiration Date: 2026-09-30
Status: Active
Annual Premium: $1,150.00
Payment Frequency: Monthly

COVERAGES
---------
  - Liability: Limit $153,000.00, Deductible $0.00
  - Collision: Limit $48,000.00, Deductible $800.00
  - Comprehensive: Limit $26,000.00, Deductible $1,000.00

IMPORTANT NOTICES
-----------------
This policy is subject to all terms, conditions, and exclusions described in the full policy contract. Coverage limits represent the maximum amount payable per occurrence. Deductibles are the amount the policyholder must pay before coverage applies. Premium amounts are subject to change at renewal based on claims history, coverage changes, and applicable rate filings. Contact your agent for questions about your coverage.
",2025-09-25T00:00:00
DOC-POL-000017,CUST-012,POL-000017,,policy_summary,Auto Insurance Policy POL-000017 for Thomas Clark,"POLICY SUMMARY DOCUMENT
=======================

Policy Number: POL-000017
Policy Type: Auto Insurance
Policyholder: Thomas Clark (CUST-012)
Address: 693 Poplar Dr, Raleigh, NC 27602

Effective Date: 2025-09-07
Expiration Date: 2026-09-07
Status: Active
Annual Premium: $1,050.00
Payment Frequency: Monthly

COVERAGES
---------
  - Liability: Limit $403,000.00, Deductible $0.00
  - Collision: Limit $43,000.00, Deductible $1,800.00
  - Comprehensive: Limit $37,000.00, Deductible $900.00

IMPORTANT NOTICES
-----------------
This policy is subject to all terms, conditions, and exclusions described in the full policy contract. Coverage limits represent the maximum amount payable per occurrence. Deductibles are the amount the policyholder must pay before coverage applies. Premium amounts are subject to change at renewal based on claims history, coverage changes, and applicable rate filings. Contact your agent for questions about your coverage.
",2025-09-02T00:00:00
DOC-POL-000018,CUST-012,POL-000018,,policy_summary,Home Insurance Policy POL-000018 for Thomas Clark,"POLICY SUMMARY DOCUMENT
=======================

Policy Number: POL-000018
Policy Type: Home Insurance
Policyholder: Thomas Clark (CUST-012)
Address: 693 Poplar Dr, Raleigh, NC 27602

Effective Date: 2026-02-27
Expiration Date: 2027-02-27
Status: Active
Annual Premium: $1,950.00
Payment Frequency: Quarterly

COVERAGES
---------
  - Dwelling: Limit $471,000.00, Deductible $4,100.00
  - Personal Property: Limit $198,000.00, Deductible $1,600.00
  - Liability: Limit $450,000.00, Deductible $0.00

IMPORTANT NOTICES
-----------------
This policy is subject to all terms, conditions, and exclusions described in the full policy contract. Coverage limits represent the maximum amount payable per occurrence. Deductibles are the amount the policyholder must pay before coverage applies. Premium amounts are subject to change at renewal based on claims history, coverage changes, and applicable rate filings. Contact your agent for questions about your coverage.
",2026-02-22T00:00:00
DOC-POL-000019,CUST-011B,POL-000019,,policy_summary,Renters Insurance Policy POL-000019 for Susan Wilson,"POLICY SUMMARY DOCUMENT
=======================

Policy Number: POL-000019
Policy Type: Renters Insurance
Policyholder: Susan Wilson (CUST-011B)
Address: 582 Willow Ave, Minneapolis, MN 55402

Effective Date: 2025-10-10
Expiration Date: 2026-10-10
Status: Active
Annual Premium: $468.52
Payment Frequency: Monthly

COVERAGES
---------
  - Personal Property: Limit $196,000.00, Deductible $1,600.00
  - Liability: Limit $402,000.00, Deductible $0.00

IMPORTANT NOTICES
-----------------
This policy is subject to all terms, conditions, and exclusions described in the full policy contract. Coverage limits represent the maximum amount payable per occurrence. Deductibles are the amount the policyholder must pay before coverage applies. Premium amounts are subject to change at renewal based on claims history, coverage changes, and applicable rate filings. Contact your agent for questions about your coverage.
",2025-10-05T00:00:00
DOC-POL-000020,CUST-011B,POL-000020,,policy_summary,Renters Insurance Policy POL-000020 for Susan Wilson,"POLICY SUMMARY DOCUMENT
=======================

Policy Number: POL-000020
Policy Type: Renters Insurance
Policyholder: Susan Wilson (CUST-011B)
Address: 582 Willow Ave, Minneapolis, MN 55402

Effective Date: 2023-12-20
Expiration Date: 2027-04-23
Status: Active
Annual Premium: $577.42
Payment Frequency: Monthly

COVERAGES
---------
  - Personal Property: Limit $85,000.00, Deductible $1,600.00
  - Liability: Limit $268,000.00, Deductible $0.00

IMPORTANT NOTICES
-----------------
This policy is subject to all terms, conditions, and exclusions described in the full policy contract. Coverage limits represent the maximum amount payable per occurrence. Deductibles are the amount the policyholder must pay before coverage applies. Premium amounts are subject to change at renewal based on claims history, coverage changes, and applicable rate filings. Contact your agent for questions about your coverage.
",2023-12-15T00:00:00
DOC-POL-000021,CUST-011B,POL-000021,,policy_summary,Auto Insurance Policy POL-000021 for Susan Wilson,"POLICY SUMMARY DOCUMENT
=======================

Policy Number: POL-000021
Policy Type: Auto Insurance
Policyholder: Susan Wilson (CUST-011B)
Address: 582 Willow Ave, Minneapolis, MN 55402

Effective Date: 2023-09-18
Expiration Date: 2026-11-20
Status: Active
Annual Premium: $1,914.09
Payment Frequency: Monthly

COVERAGES
---------
  - Liability: Limit $476,000.00, Deductible $0.00
  - Collision: Limit $49,000.00, Deductible $1,500.00

IMPORTANT NOTICES
-----------------
This policy is subject to all terms, conditions, and exclusions described in the full policy contract. Coverage limits represent the maximum amount payable per occurrence. Deductibles are the amount the policyholder must pay before coverage applies. Premium amounts are subject to change at renewal based on claims history, coverage changes, and applicable rate filings. Contact your agent for questions about your coverage.
",2023-09-13T00:00:00
DOC-POL-000022,CUST-0013,POL-000022,,policy_summary,Home Insurance Policy POL-000022 for Hayden Anderson,"POLICY SUMMARY DOCUMENT
=======================

Policy Number: POL-000022
Policy Type: Home Insurance
Policyholder: Hayden Anderson (CUST-0013)
Address: 456 Oak Ave, Raleigh, NC 27601

Effective Date: 2025-05-28
Expiration Date: 2026-09-21
Status: Active
Annual Premium: $1,675.03
Payment Frequency: Semi Annual

COVERAGES
---------
  - Dwelling: Limit $301,000.00, Deductible $4,400.00
  - Personal Property: Limit $94,000.00, Deductible $2,500.00
  - Liability: Limit $450,000.00, Deductible $0.00

IMPORTANT NOTICES
-----------------
This policy is subject to all terms, conditions, and exclusions described in the full policy contract. Coverage limits represent the maximum amount payable per occurrence. Deductibles are the amount the policyholder must pay before coverage applies. Premium amounts are subject to change at renewal based on claims history, coverage changes, and applicable rate filings. Contact your agent for questions about your coverage.
",2025-05-23T00:00:00
DOC-POL-000023,CUST-0013,POL-000023,,policy_summary,Home Insurance Policy POL-000023 for Hayden Anderson,"POLICY SUMMARY DOCUMENT
=======================

Policy Number: POL-000023
Policy Type: Home Insurance
Policyholder: Hayden Anderson (CUST-0013)
Address: 456 Oak Ave, Raleigh, NC 27601

Effective Date: 2024-12-18
Expiration Date: 2027-01-10
Status: Active
Annual Premium: $2,926.55
Payment Frequency: Monthly

COVERAGES
---------
  - Dwelling: Limit $521,000.00, Deductible $1,800.00
  - Personal Property: Limit $148,000.00, Deductible $2,500.00
  - Liability: Limit $220,000.00, Deductible $0.00

IMPORTANT NOTICES
-----------------
This policy is subject to all terms, conditions, and exclusions described in the full policy contract. Coverage limits represent the maximum amount payable per occurrence. Deductibles are the amount the policyholder must pay before coverage applies. Premium amounts are subject to change at renewal based on claims history, coverage changes, and applicable rate filings. Contact your agent for questions about your coverage.
",2024-12-13T00:00:00
DOC-POL-000024,CUST-0013,POL-000024,,policy_summary,Home Insurance Policy POL-000024 for Hayden Anderson,"POLICY SUMMARY DOCUMENT
=======================

Policy Number: POL-000024
Policy Type: Home Insurance
Policyholder: Hayden Anderson (CUST-0013)
Address: 456 Oak Ave, Raleigh, NC 27601

Effective Date: 2023-11-22
Expiration Date: 2027-03-26
Status: Active
Annual Premium: $1,406.97
Payment Frequency: Monthly

COVERAGES
---------
  - Dwelling: Limit $233,000.00, Deductible $1,100.00
  - Personal Property: Limit $199,000.00, Deductible $1,000.00
  - Liability: Limit $145,000.00, Deductible $0.00

IMPORTANT NOTICES
-----------------
This policy is subject to all terms, conditions, and exclusions described in the full policy contract. Coverage limits represent the maximum amount payable per occurrence. Deductibles are the amount the policyholder must pay before coverage applies. Premium amounts are subject to change at renewal based on claims history, coverage changes, and applicable rate filings. Contact your agent for questions about your coverage.
",2023-11-17T00:00:00
DOC-POL-000025,CUST-0013,POL-000025,,policy_summary,Home Insurance Policy POL-000025 for Hayden Anderson,"POLICY SUMMARY DOCUMENT
=======================

Policy Number: POL-000025
Policy Type: Home Insurance
Policyholder: Hayden Anderson (CUST-0013)
Address: 456 Oak Ave, Raleigh, NC 27601

Effective Date: 2025-11-08
Expiration Date: 2026-11-08
Status: Active
Annual Premium: $1,340.50
Payment Frequency: Monthly

COVERAGES
---------
  - Dwelling: Limit $392,000.00, Deductible $3,400.00
  - Personal Property: Limit $72,000.00, Deductible $900.00
  - Liability: Limit $188,000.00, Deductible $0.00

IMPORTANT NOTICES
-----------------
This policy is subject to all terms, conditions, and exclusions described in the full policy contract. Coverage limits represent the maximum amount payable per occurrence. Deductibles are the amount the policyholder must pay before coverage applies. Premium amounts are subject to change at renewal based on claims history, coverage changes, and applicable rate filings. Contact your agent for questions about your coverage.
",2025-11-03T00:00:00
DOC-POL-000026,CUST-0014,POL-000026,,policy_summary,Auto Insurance Policy POL-000026 for Orion Perez,"POLICY SUMMARY DOCUMENT
=======================

Policy Number: POL-000026
Policy Type: Auto Insurance
Policyholder: Orion Perez (CUST-0014)
Address: 369 Spruce Pl, Cincinnati, OH 45201

Effective Date: 2023-08-29
Expiration Date: 2024-08-28
Status: Renewed
Annual Premium: $1,876.30
Payment Frequency: Monthly

COVERAGES
---------
  - Liability: Limit $308,000.00, Deductible $0.00
  - Collision: Limit $54,000.00, Deductible $800.00

IMPORTANT NOTICES
-----------------
This policy is subject to all terms, conditions, and exclusions described in the full policy contract. Coverage limits represent the maximum amount payable per occurrence. Deductibles are the amount the policyholder must pay before coverage applies. Premium amounts are subject to change at renewal based on claims history, coverage changes, and applicable rate filings. Contact your agent for questions about your coverage.
",2023-08-24T00:00:00
DOC-POL-000027,CUST-0014,POL-000027,,policy_summary,Home Insurance Policy POL-000027 for Orion Perez,"POLICY SUMMARY DOCUMENT
=======================

Policy Number: POL-000027
Policy Type: Home Insurance
Policyholder: Orion Perez (CUST-0014)
Address: 369 Spruce Pl, Cincinnati, OH 45201

Effective Date: 2024-01-18
Expiration Date: 2027-02-12
Status: Active
Annual Premium: $2,067.68
Payment Frequency: Monthly

COVERAGES
---------
  - Dwelling: Limit $226,000.00, Deductible $1,000.00
  - Personal Property: Limit $51,000.00, Deductible $1,500.00

IMPORTANT NOTICES
-----------------
This policy is subject to all terms, conditions, and exclusions described in the full policy contract. Coverage limits represent the maximum amount payable per occurrence. Deductibles are the amount the policyholder must pay before coverage applies. Premium amounts are subject to change at renewal based on claims history, coverage changes, and applicable rate filings. Contact your agent for questions about your coverage.
",2024-01-13T00:00:00
DOC-POL-000028,CUST-0014,POL-000028,,policy_summary,Home Insurance Policy POL-000028 for Orion Perez,"POLICY SUMMARY DOCUMENT
=======================

Policy Number: POL-000028
Policy Type: Home Insurance
Policyholder: Orion Perez (CUST-0014)
Address: 369 Spruce Pl, Cincinnati, OH 45201

Effective Date: 2024-02-01
Expiration Date: 2026-09-10
Status: Active
Annual Premium: $2,921.20
Payment Frequency: Quarterly

COVERAGES
---------
  - Dwelling: Limit $258,000.00, Deductible $3,400.00
  - Personal Property: Limit $198,000.00, Deductible $1,000.00

IMPORTANT NOTICES
-----------------
This policy is subject to all terms, conditions, and exclusions described in the full policy contract. Coverage limits represent the maximum amount payable per occurrence. Deductibles are the amount the policyholder must pay before coverage applies. Premium amounts are subject to change at renewal based on claims history, coverage changes, and applicable rate filings. Contact your agent for questions about your coverage.
",2024-01-27T00:00:00
DOC-POL-000029,CUST-0014,POL-000029,,policy_summary,Home Insurance Policy POL-000029 for Orion Perez,"POLICY SUMMARY DOCUMENT
=======================

Policy Number: POL-000029
Policy Type: Home Insurance
Policyholder: Orion Perez (CUST-0014)
Address: 369 Spruce Pl, Cincinnati, OH 45201

Effective Date: 2024-06-04
Expiration Date: 2025-06-04
Status: Lapsed
Annual Premium: $2,072.26
Payment Frequency: Monthly

COVERAGES
---------
  - Dwelling: Limit $692,000.00, Deductible $2,600.00
  - Personal Property: Limit $64,000.00, Deductible $2,400.00

IMPORTANT NOTICES
-----------------
This policy is subject to all terms, conditions, and exclusions described in the full policy contract. Coverage limits represent the maximum amount payable per occurrence. Deductibles are the amount the policyholder must pay before coverage applies. Premium amounts are subject to change at renewal based on claims history, coverage changes, and applicable rate filings. Contact your agent for questions about your coverage.
",2024-05-30T00:00:00
DOC-POL-000030,CUST-0015,POL-000030,,policy_summary,Home Insurance Policy POL-000030 for Drew Adams,"POLICY SUMMARY DOCUMENT
=======================

Policy Number: POL-000030
Policy Type: Home Insurance
Policyholder: Drew Adams (CUST-0015)
Address: 654 Maple Ln, Denver, CO 80201

Effective Date: 2025-11-29
Expiration Date: 2026-11-29
Status: Active
Annual Premium: $2,640.77
Payment Frequency: Monthly

COVERAGES
---------
  - Dwelling: Limit $336,000.00, Deductible $2,100.00
  - Personal Property: Limit $169,000.00, Deductible $2,400.00
  - Liability: Limit $147,000.00, Deductible $0.00

IMPORTANT NOTICES
-----------------
This policy is subject to all terms, conditions, and exclusions described in the full policy contract. Coverage limits represent the maximum amount payable per occurrence. Deductibles are the amount the policyholder must pay before coverage applies. Premium amounts are subject to change at renewal based on claims history, coverage changes, and applicable rate filings. Contact your agent for questions about your coverage.
",2025-11-24T00:00:00
DOC-POL-000031,CUST-0015,POL-000031,,policy_summary,Renters Insurance Policy POL-000031 for Drew Adams,"POLICY SUMMARY DOCUMENT
=======================

Policy Number: POL-000031
Policy Type: Renters Insurance
Policyholder: Drew Adams (CUST-0015)
Address: 654 Maple Ln, Denver, CO 80201

Effective Date: 2025-04-22
Expiration Date: 2026-10-18
Status: Active
Annual Premium: $325.56
Payment Frequency: Quarterly

COVERAGES
---------
  - Personal Property: Limit $77,000.00, Deductible $1,500.00
  - Liability: Limit $334,000.00, Deductible $0.00

IMPORTANT NOTICES
-----------------
This policy is subject to all terms, conditions, and exclusions described in the full policy contract. Coverage limits represent the maximum amount payable per occurrence. Deductibles are the amount the policyholder must pay before coverage applies. Premium amounts are subject to change at renewal based on claims history, coverage changes, and applicable rate filings. Contact your agent for questions about your coverage.
",2025-04-17T00:00:00
DOC-POL-000032,CUST-0015,POL-000032,,policy_summary,Auto Insurance Policy POL-000032 for Drew Adams,"POLICY SUMMARY DOCUMENT
=======================

Policy Number: POL-000032
Policy Type: Auto Insurance
Policyholder: Drew Adams (CUST-0015)
Address: 654 Maple Ln, Denver, CO 80201

Effective Date: 2025-11-01
Expiration Date: 2026-11-01
Status: Active
Annual Premium: $827.66
Payment Frequency: Monthly

COVERAGES
---------
  - Liability: Limit $430,000.00, Deductible $0.00
  - Collision: Limit $60,000.00, Deductible $600.00

IMPORTANT NOTICES
-----------------
This policy is subject to all terms, conditions, and exclusions described in the full policy contract. Coverage limits represent the maximum amount payable per occurrence. Deductibles are the amount the policyholder must pay before coverage applies. Premium amounts are subject to change at renewal based on claims history, coverage changes, and applicable rate filings. Contact your agent for questions about your coverage.
",2025-10-27T00:00:00
DOC-POL-000033,CUST-0016,POL-000033,,policy_summary,Auto Insurance Policy POL-000033 for Terry Johnson,"POLICY SUMMARY DOCUMENT
=======================

Policy Number: POL-000033
Policy Type: Auto Insurance
Policyholder: Terry Johnson (CUST-0016)
Address: 459 Chestnut Pl, Portland, OR 97201

Effective Date: 2025-10-27
Expiration Date: 2026-10-27
Status: Active
Annual Premium: $1,775.72
Payment Frequency: Quarterly

COVERAGES
---------
  - Liability: Limit $330,000.00, Deductible $0.00
  - Collision: Limit $25,000.00, Deductible $1,300.00

IMPORTANT NOTICES
-----------------
This policy is subject to all terms, conditions, and exclusions described in the full policy contract. Coverage limits represent the maximum amount payable per occurrence. Deductibles are the amount the policyholder must pay before coverage applies. Premium amounts are subject to change at renewal based on claims history, coverage changes, and applicable rate filings. Contact your agent for questions about your coverage.
",2025-10-22T00:00:00
DOC-POL-000034,CUST-0016,POL-000034,,policy_summary,Home Insurance Policy POL-000034 for Terry Johnson,"POLICY SUMMARY DOCUMENT
=======================

Policy Number: POL-000034
Policy Type: Home Insurance
Policyholder: Terry Johnson (CUST-0016)
Address: 459 Chestnut Pl, Portland, OR 97201

Effective Date: 2024-11-07
Expiration Date: 2026-09-28
Status: Active
Annual Premium: $2,775.99
Payment Frequency: Monthly

COVERAGES
---------
  - Dwelling: Limit $649,000.00, Deductible $1,200.00
  - Personal Property: Limit $90,000.00, Deductible $1,400.00
  - Liability: Limit $178,000.00, Deductible $0.00

IMPORTANT NOTICES
-----------------
This policy is subject to all terms, conditions, and exclusions described in the full policy contract. Coverage limits represent the maximum amount payable per occurrence. Deductibles are the amount the policyholder must pay before coverage applies. Premium amounts are subject to change at renewal based on claims history, coverage changes, and applicable rate filings. Contact your agent for questions about your coverage.
",2024-11-02T00:00:00
DOC-POL-000035,CUST-0016,POL-000035,,policy_summary,Home Insurance Policy POL-000035 for Terry Johnson,"POLICY SUMMARY DOCUMENT
=======================

Policy Number: POL-000035
Policy Type: Home Insurance
Policyholder: Terry Johnson (CUST-0016)
Address: 459 Chestnut Pl, Portland, OR 97201

Effective Date: 2024-11-15
Expiration Date: 2025-11-15
Status: Lapsed
Annual Premium: $1,928.23
Payment Frequency: Quarterly

COVERAGES
---------
  - Dwelling: Limit $655,000.00, Deductible $1,600.00
  - Personal Property: Limit $139,000.00, Deductible $2,000.00

IMPORTANT NOTICES
-----------------
This policy is subject to all terms, conditions, and exclusions described in the full policy contract. Coverage limits represent the maximum amount payable per occurrence. Deductibles are the amount the policyholder must pay before coverage applies. Premium amounts are subject to change at renewal based on claims history, coverage changes, and applicable rate filings. Contact your agent for questions about your coverage.
",2024-11-10T00:00:00
DOC-POL-000036,CUST-0016,POL-000036,,policy_summary,Renters Insurance Policy POL-000036 for Terry Johnson,"POLICY SUMMARY DOCUMENT
=======================

Policy Number: POL-000036
Policy Type: Renters Insurance
Policyholder: Terry Johnson (CUST-0016)
Address: 459 Chestnut Pl, Portland, OR 97201

Effective Date: 2024-11-04
Expiration Date: 2027-01-31
Status: Active
Annual Premium: $644.63
Payment Frequency: Quarterly

COVERAGES
---------
  - Personal Property: Limit $172,000.00, Deductible $1,300.00
  - Liability: Limit $495,000.00, Deductible $0.00

IMPORTANT NOTICES
-----------------
This policy is subject to all terms, conditions, and exclusions described in the full policy contract. Coverage limits represent the maximum amount payable per occurrence. Deductibles are the amount the policyholder must pay before coverage applies. Premium amounts are subject to change at renewal based on claims history, coverage changes, and applicable rate filings. Contact your agent for questions about your coverage.
",2024-10-30T00:00:00
DOC-POL-000037,CUST-0017,POL-000037,,policy_summary,Home Insurance Policy POL-000037 for Pat Howard,"POLICY SUMMARY DOCUMENT
=======================

Policy Number: POL-000037
Policy Type: Home Insurance
Policyholder: Pat Howard (CUST-0017)
Address: 672 Laurel Ave, Phoenix, AZ 85001

Effective Date: 2025-07-01
Expiration Date: 2026-09-23
Status: Active
Annual Premium: $2,389.37
Payment Frequency: Quarterly

COVERAGES
---------
  - Dwelling: Limit $378,000.00, Deductible $1,000.00
  - Personal Property: Limit $81,000.00, Deductible $1,500.00

IMPORTANT NOTICES
-----------------
This policy is subject to all terms, conditions, and exclusions described in the full policy contract. Coverage limits represent the maximum amount payable per occurrence. Deductibles are the amount the policyholder must pay before coverage applies. Premium amounts are subject to change at renewal based on claims history, coverage changes, and applicable rate filings. Contact your agent for questions about your coverage.
",2025-06-26T00:00:00
DOC-POL-000038,CUST-0017,POL-000038,,policy_summary,Umbrella Insurance Policy POL-000038 for Pat Howard,"POLICY SUMMARY DOCUMENT
=======================

Policy Number: POL-000038
Policy Type: Umbrella Insurance
Policyholder: Pat Howard (CUST-0017)
Address: 672 Laurel Ave, Phoenix, AZ 85001

Effective Date: 2023-11-11
Expiration Date: 2026-10-23
Status: Active
Annual Premium: $699.18
Payment Frequency: Monthly

COVERAGES
---------
  - Umbrella Excess: Limit $3,830,000.00, Deductible $0.00

IMPORTANT NOTICES
-----------------
This policy is subject to all terms, conditions, and exclusions described in the full policy contract. Coverage limits represent the maximum amount payable per occurrence. Deductibles are the amount the policyholder must pay before coverage applies. Premium amounts are subject to change at renewal based on claims history, coverage changes, and applicable rate filings. Contact your agent for questions about your coverage.
",2023-11-06T00:00:00
DOC-POL-000039,CUST-0017,POL-000039,,policy_summary,Auto Insurance Policy POL-000039 for Pat Howard,"POLICY SUMMARY DOCUMENT
=======================

Policy Number: POL-000039
Policy Type: Auto Insurance
Policyholder: Pat Howard (CUST-0017)
Address: 672 Laurel Ave, Phoenix, AZ 85001

Effective Date: 2024-02-13
Expiration Date: 2026-09-23
Status: Active
Annual Premium: $1,252.12
Payment Frequency: Quarterly

COVERAGES
---------
  - Liability: Limit $162,000.00, Deductible $0.00
  - Collision: Limit $32,000.00, Deductible $600.00

IMPORTANT NOTICES
-----------------
This policy is subject to all terms, conditions, and exclusions described in the full policy contract. Coverage limits represent the maximum amount payable per occurrence. Deductibles are the amount the policyholder must pay before coverage applies. Premium amounts are subject to change at renewal based on claims history, coverage changes, and applicable rate filings. Contact your agent for questions about your coverage.
",2024-02-08T00:00:00
DOC-POL-000040,CUST-0017,POL-000040,,policy_summary,Home Insurance Policy POL-000040 for Pat Howard,"POLICY SUMMARY DOCUMENT
=======================

Policy Number: POL-000040
Policy Type: Home Insurance
Policyholder: Pat Howard (CUST-0017)
Address: 672 Laurel Ave, Phoenix, AZ 85001

Effective Date: 2025-02-16
Expiration Date: 2026-12-29
Status: Active
Annual Premium: $2,885.60
Payment Frequency: Semi Annual

COVERAGES
---------
  - Dwelling: Limit $664,000.00, Deductible $2,300.00
  - Personal Property: Limit $152,000.00, Deductible $2,300.00
  - Liability: Limit $442,000.00, Deductible $0.00

IMPORTANT NOTICES
-----------------
This policy is subject to all terms, conditions, and exclusions described in the full policy contract. Coverage limits represent the maximum amount payable per occurrence. Deductibles are the amount the policyholder must pay before coverage applies. Premium amounts are subject to change at renewal based on claims history, coverage changes, and applicable rate filings. Contact your agent for questions about your coverage.
",2025-02-11T00:00:00
DOC-POL-000041,CUST-0018,POL-000041,,policy_summary,Auto Insurance Policy POL-000041 for Taylor Carter,"POLICY SUMMARY DOCUMENT
=======================

Policy Number: POL-000041
Policy Type: Auto Insurance
Policyholder: Taylor Carter (CUST-0018)
Address: 258 Walnut Blvd, Boston, MA 02101

Effective Date: 2025-04-03
Expiration Date: 2027-04-16
Status: Active
Annual Premium: $1,453.50
Payment Frequency: Semi Annual

COVERAGES
---------
  - Liability: Limit $365,000.00, Deductible $0.00
  - Collision: Limit $51,000.00, Deductible $800.00

IMPORTANT NOTICES
-----------------
This policy is subject to all terms, conditions, and exclusions described in the full policy contract. Coverage limits represent the maximum amount payable per occurrence. Deductibles are the amount the policyholder must pay before coverage applies. Premium amounts are subject to change at renewal based on claims history, coverage changes, and applicable rate filings. Contact your agent for questions about your coverage.
",2025-03-29T00:00:00
DOC-POL-000042,CUST-0018,POL-000042,,policy_summary,Auto Insurance Policy POL-000042 for Taylor Carter,"POLICY SUMMARY DOCUMENT
=======================

Policy Number: POL-000042
Policy Type: Auto Insurance
Policyholder: Taylor Carter (CUST-0018)
Address: 258 Walnut Blvd, Boston, MA 02101

Effective Date: 2025-03-20
Expiration Date: 2026-09-24
Status: Active
Annual Premium: $1,374.05
Payment Frequency: Monthly

COVERAGES
---------
  - Liability: Limit $235,000.00, Deductible $0.00
  - Collision: Limit $56,000.00, Deductible $1,400.00
  - Comprehensive: Limit $54,000.00, Deductible $500.00

IMPORTANT NOTICES
-----------------
This policy is subject to all terms, conditions, and exclusions described in the full policy contract. Coverage limits represent the maximum amount payable per occurrence. Deductibles are the amount the policyholder must pay before coverage applies. Premium amounts are subject to change at renewal based on claims history, coverage changes, and applicable rate filings. Contact your agent for questions about your coverage.
",2025-03-15T00:00:00
DOC-POL-000043,CUST-0018,POL-000043,,policy_summary,Umbrella Insurance Policy POL-000043 for Taylor Carter,"POLICY SUMMARY DOCUMENT
=======================

Policy Number: POL-000043
Policy Type: Umbrella Insurance
Policyholder: Taylor Carter (CUST-0018)
Address: 258 Walnut Blvd, Boston, MA 02101

Effective Date: 2024-03-11
Expiration Date: 2025-03-11
Status: Renewed
Annual Premium: $342.22
Payment Frequency: Semi Annual

COVERAGES
---------
  - Umbrella Excess: Limit $2,716,000.00, Deductible $0.00

IMPORTANT NOTICES
-----------------
This policy is subject to all terms, conditions, and exclusions described in the full policy contract. Coverage limits represent the maximum amount payable per occurrence. Deductibles are the amount the policyholder must pay before coverage applies. Premium amounts are subject to change at renewal based on claims history, coverage changes, and applicable rate filings. Contact your agent for questions about your coverage.
",2024-03-06T00:00:00
DOC-POL-000044,CUST-0018,POL-000044,,policy_summary,Home Insurance Policy POL-000044 for Taylor Carter,"POLICY SUMMARY DOCUMENT
=======================

Policy Number: POL-000044
Policy Type: Home Insurance
Policyholder: Taylor Carter (CUST-0018)
Address: 258 Walnut Blvd, Boston, MA 02101

Effective Date: 2024-04-27
Expiration Date: 2027-03-12
Status: Active
Annual Premium: $1,411.51
Payment Frequency: Monthly

COVERAGES
---------
  - Dwelling: Limit $353,000.00, Deductible $2,600.00
  - Personal Property: Limit $90,000.00, Deductible $1,800.00
  - Liability: Limit $315,000.00, Deductible $0.00

IMPORTANT NOTICES
-----------------
This policy is subject to all terms, conditions, and exclusions described in the full policy contract. Coverage limits represent the maximum amount payable per occurrence. Deductibles are the amount the policyholder must pay before coverage applies. Premium amounts are subject to change at renewal based on claims history, coverage changes, and applicable rate filings. Contact your agent for questions about your coverage.
",2024-04-22T00:00:00
DOC-POL-000045,CUST-0019,POL-000045,,policy_summary,Auto Insurance Policy POL-000045 for Cedar Scott,"POLICY SUMMARY DOCUMENT
=======================

Policy Number: POL-000045
Policy Type: Auto Insurance
Policyholder: Cedar Scott (CUST-0019)
Address: 237 Juniper Way, Raleigh, NC 27601

Effective Date: 2024-03-09
Expiration Date: 2027-01-10
Status: Active
Annual Premium: $1,497.06
Payment Frequency: Monthly

COVERAGES
---------
  - Liability: Limit $347,000.00, Deductible $0.00
  - Collision: Limit $71,000.00, Deductible $1,600.00

IMPORTANT NOTICES
-----------------
This policy is subject to all terms, conditions, and exclusions described in the full policy contract. Coverage limits represent the maximum amount payable per occurrence. Deductibles are the amount the policyholder must pay before coverage applies. Premium amounts are subject to change at renewal based on claims history, coverage changes, and applicable rate filings. Contact your agent for questions about your coverage.
",2024-03-04T00:00:00
DOC-POL-000046,CUST-0019,POL-000046,,policy_summary,Auto Insurance Policy POL-000046 for Cedar Scott,"POLICY SUMMARY DOCUMENT
=======================

Policy Number: POL-000046
Policy Type: Auto Insurance
Policyholder: Cedar Scott (CUST-0019)
Address: 237 Juniper Way, Raleigh, NC 27601

Effective Date: 2026-01-31
Expiration Date: 2027-01-31
Status: Active
Annual Premium: $1,995.08
Payment Frequency: Monthly

COVERAGES
---------
  - Liability: Limit $220,000.00, Deductible $0.00
  - Collision: Limit $71,000.00, Deductible $600.00
  - Comprehensive: Limit $70,000.00, Deductible $1,000.00

IMPORTANT NOTICES
-----------------
This policy is subject to all terms, conditions, and exclusions described in the full policy contract. Coverage limits represent the maximum amount payable per occurrence. Deductibles are the amount the policyholder must pay before coverage applies. Premium amounts are subject to change at renewal based on claims history, coverage changes, and applicable rate filings. Contact your agent for questions about your coverage.
",2026-01-26T00:00:00
DOC-POL-000047,CUST-0019,POL-000047,,policy_summary,Auto Insurance Policy POL-000047 for Cedar Scott,"POLICY SUMMARY DOCUMENT
=======================

Policy Number: POL-000047
Policy Type: Auto Insurance
Policyholder: Cedar Scott (CUST-0019)
Address: 237 Juniper Way, Raleigh, NC 27601

Effective Date: 2025-07-24
Expiration Date: 2026-10-10
Status: Active
Annual Premium: $823.04
Payment Frequency: Monthly

COVERAGES
---------
  - Liability: Limit $242,000.00, Deductible $0.00
  - Collision: Limit $50,000.00, Deductible $1,600.00
  - Comprehensive: Limit $45,000.00, Deductible $900.00

IMPORTANT NOTICES
-----------------
This policy is subject to all terms, conditions, and exclusions described in the full policy contract. Coverage limits represent the maximum amount payable per occurrence. Deductibles are the amount the policyholder must pay before coverage applies. Premium amounts are subject to change at renewal based on claims history, coverage changes, and applicable rate filings. Contact your agent for questions about your coverage.
",2025-07-19T00:00:00
DOC-POL-000048,CUST-0020,POL-000048,,policy_summary,Auto Insurance Policy POL-000048 for Cameron Mitchell,"POLICY SUMMARY DOCUMENT
=======================

Policy Number: POL-000048
Policy Type: Auto Insurance
Policyholder: Cameron Mitchell (CUST-0020)
Address: 123 Main St, Phoenix, AZ 85001

Effective Date: 2024-05-26
Expiration Date: 2026-12-17
Status: Active
Annual Premium: $907.33
Payment Frequency: Monthly

COVERAGES
---------
  - Liability: Limit $434,000.00, Deductible $0.00
  - Collision: Limit $48,000.00, Deductible $1,300.00

IMPORTANT NOTICES
-----------------
This policy is subject to all terms, conditions, and exclusions described in the full policy contract. Coverage limits represent the maximum amount payable per occurrence. Deductibles are the amount the policyholder must pay before coverage applies. Premium amounts are subject to change at renewal based on claims history, coverage changes, and applicable rate filings. Contact your agent for questions about your coverage.
",2024-05-21T00:00:00
DOC-POL-000049,CUST-0020,POL-000049,,policy_summary,Auto Insurance Policy POL-000049 for Cameron Mitchell,"POLICY SUMMARY DOCUMENT
=======================

Policy Number: POL-000049
Policy Type: Auto Insurance
Policyholder: Cameron Mitchell (CUST-0020)
Address: 123 Main St, Phoenix, AZ 85001

Effective Date: 2025-09-20
Expiration Date: 2026-09-20
Status: Active
Annual Premium: $1,127.10
Payment Frequency: Quarterly

COVERAGES
---------
  - Liability: Limit $410,000.00, Deductible $0.00
  - Collision: Limit $52,000.00, Deductible $700.00
  - Comprehensive: Limit $58,000.00, Deductible $200.00

IMPORTANT NOTICES
-----------------
This policy is subject to all terms, conditions, and exclusions described in the full policy contract. Coverage limits represent the maximum amount payable per occurrence. Deductibles are the amount the policyholder must pay before coverage applies. Premium amounts are subject to change at renewal based on claims history, coverage changes, and applicable rate filings. Contact your agent for questions about your coverage.
",2025-09-15T00:00:00
DOC-POL-000050,CUST-0021,POL-000050,,policy_summary,Home Insurance Policy POL-000050 for Noel Johnson,"POLICY SUMMARY DOCUMENT
=======================

Policy Number: POL-000050
Policy Type: Home Insurance
Policyholder: Noel Johnson (CUST-0021)
Address: 123 Main St, Boston, MA 02101

Effective Date: 2025-08-06
Expiration Date: 2026-10-15
Status: Active
Annual Premium: $2,882.90
Payment Frequency: Monthly

COVERAGES
---------
  - Dwelling: Limit $595,000.00, Deductible $4,000.00
  - Personal Property: Limit $184,000.00, Deductible $1,800.00

IMPORTANT NOTICES
-----------------
This policy is subject to all terms, conditions, and exclusions described in the full policy contract. Coverage limits represent the maximum amount payable per occurrence. Deductibles are the amount the policyholder must pay before coverage applies. Premium amounts are subject to change at renewal based on claims history, coverage changes, and applicable rate filings. Contact your agent for questions about your coverage.
",2025-08-01T00:00:00
DOC-POL-000051,CUST-0021,POL-000051,,policy_summary,Home Insurance Policy POL-000051 for Noel Johnson,"POLICY SUMMARY DOCUMENT
=======================

Policy Number: POL-000051
Policy Type: Home Insurance
Policyholder: Noel Johnson (CUST-0021)
Address: 123 Main St, Boston, MA 02101

Effective Date: 2024-12-28
Expiration Date: 2025-12-28
Status: Cancelled
Annual Premium: $2,375.27
Payment Frequency: Annual

COVERAGES
---------
  - Dwelling: Limit $610,000.00, Deductible $1,100.00
  - Personal Property: Limit $72,000.00, Deductible $1,700.00
  - Liability: Limit $109,000.00, Deductible $0.00

IMPORTANT NOTICES
-----------------
This policy is subject to all terms, conditions, and exclusions described in the full policy contract. Coverage limits represent the maximum amount payable per occurrence. Deductibles are the amount the policyholder must pay before coverage applies. Premium amounts are subject to change at renewal based on claims history, coverage changes, and applicable rate filings. Contact your agent for questions about your coverage.
",2024-12-23T00:00:00
DOC-POL-000052,CUST-0021,POL-000052,,policy_summary,Home Insurance Policy POL-000052 for Noel Johnson,"POLICY SUMMARY DOCUMENT
=======================

Policy Number: POL-000052
Policy Type: Home Insurance
Policyholder: Noel Johnson (CUST-0021)
Address: 123 Main St, Boston, MA 02101

Effective Date: 2025-10-07
Expiration Date: 2026-10-07
Status: Active
Annual Premium: $2,765.97
Payment Frequency: Monthly

COVERAGES
---------
  - Dwelling: Limit $734,000.00, Deductible $3,000.00
  - Personal Property: Limit $53,000.00, Deductible $500.00
  - Liability: Limit $436,000.00, Deductible $0.00

IMPORTANT NOTICES
-----------------
This policy is subject to all terms, conditions, and exclusions described in the full policy contract. Coverage limits represent the maximum amount payable per occurrence. Deductibles are the amount the policyholder must pay before coverage applies. Premium amounts are subject to change at renewal based on claims history, coverage changes, and applicable rate filings. Contact your agent for questions about your coverage.
",2025-10-02T00:00:00
DOC-POL-000053,CUST-0021,POL-000053,,policy_summary,Home Insurance Policy POL-000053 for Noel Johnson,"POLICY SUMMARY DOCUMENT
=======================

Policy Number: POL-000053
Policy Type: Home Insurance
Policyholder: Noel Johnson (CUST-0021)
Address: 123 Main St, Boston, MA 02101

Effective Date: 2025-12-11
Expiration Date: 2026-12-11
Status: Active
Annual Premium: $2,849.37
Payment Frequency: Monthly

COVERAGES
---------
  - Dwelling: Limit $613,000.00, Deductible $1,600.00
  - Personal Property: Limit $70,000.00, Deductible $1,400.00
  - Liability: Limit $497,000.00, Deductible $0.00

IMPORTANT NOTICES
-----------------
This policy is subject to all terms, conditions, and exclusions described in the full policy contract. Coverage limits represent the maximum amount payable per occurrence. Deductibles are the amount the policyholder must pay before coverage applies. Premium amounts are subject to change at renewal based on claims history, coverage changes, and applicable rate filings. Contact your agent for questions about your coverage.
",2025-12-06T00:00:00
DOC-POL-000054,CUST-0022,POL-000054,,policy_summary,Umbrella Insurance Policy POL-000054 for Hayden Turner,"POLICY SUMMARY DOCUMENT
=======================

Policy Number: POL-000054
Policy Type: Umbrella Insurance
Policyholder: Hayden Turner (CUST-0022)
Address: 126 Sycamore Ct, Minneapolis, MN 55401

Effective Date: 2025-04-24
Expiration Date: 2026-11-29
Status: Active
Annual Premium: $312.88
Payment Frequency: Monthly

COVERAGES
---------
  - Umbrella Excess: Limit $3,609,000.00, Deductible $0.00

IMPORTANT NOTICES
-----------------
This policy is subject to all terms, conditions, and exclusions described in the full policy contract. Coverage limits represent the maximum amount payable per occurrence. Deductibles are the amount the policyholder must pay before coverage applies. Premium amounts are subject to change at renewal based on claims history, coverage changes, and applicable rate filings. Contact your agent for questions about your coverage.
",2025-04-19T00:00:00
DOC-POL-000055,CUST-0022,POL-000055,,policy_summary,Home Insurance Policy POL-000055 for Hayden Turner,"POLICY SUMMARY DOCUMENT
=======================

Policy Number: POL-000055
Policy Type: Home Insurance
Policyholder: Hayden Turner (CUST-0022)
Address: 126 Sycamore Ct, Minneapolis, MN 55401

Effective Date: 2025-10-28
Expiration Date: 2026-10-28
Status: Active
Annual Premium: $1,971.55
Payment Frequency: Annual

COVERAGES
---------
  - Dwelling: Limit $296,000.00, Deductible $2,000.00
  - Personal Property: Limit $159,000.00, Deductible $700.00
  - Liability: Limit $406,000.00, Deductible $0.00

IMPORTANT NOTICES
-----------------
This policy is subject to all terms, conditions, and exclusions described in the full policy contract. Coverage limits represent the maximum amount payable per occurrence. Deductibles are the amount the policyholder must pay before coverage applies. Premium amounts are subject to change at renewal based on claims history, coverage changes, and applicable rate filings. Contact your agent for questions about your coverage.
",2025-10-23T00:00:00
DOC-POL-000056,CUST-0022,POL-000056,,policy_summary,Umbrella Insurance Policy POL-000056 for Hayden Turner,"POLICY SUMMARY DOCUMENT
=======================

Policy Number: POL-000056
Policy Type: Umbrella Insurance
Policyholder: Hayden Turner (CUST-0022)
Address: 126 Sycamore Ct, Minneapolis, MN 55401

Effective Date: 2024-04-10
Expiration Date: 2027-05-19
Status: Active
Annual Premium: $430.07
Payment Frequency: Monthly

COVERAGES
---------
  - Umbrella Excess: Limit $1,579,000.00, Deductible $0.00

IMPORTANT NOTICES
-----------------
This policy is subject to all terms, conditions, and exclusions described in the full policy contract. Coverage limits represent the maximum amount payable per occurrence. Deductibles are the amount the policyholder must pay before coverage applies. Premium amounts are subject to change at renewal based on claims history, coverage changes, and applicable rate filings. Contact your agent for questions about your coverage.
",2024-04-05T00:00:00
DOC-POL-000057,CUST-0022,POL-000057,,policy_summary,Renters Insurance Policy POL-000057 for Hayden Turner,"POLICY SUMMARY DOCUMENT
=======================

Policy Number: POL-000057
Policy Type: Renters Insurance
Policyholder: Hayden Turner (CUST-0022)
Address: 126 Sycamore Ct, Minneapolis, MN 55401

Effective Date: 2023-11-26
Expiration Date: 2027-04-25
Status: Active
Annual Premium: $615.40
Payment Frequency: Monthly

COVERAGES
---------
  - Personal Property: Limit $150,000.00, Deductible $1,300.00
  - Liability: Limit $167,000.00, Deductible $0.00

IMPORTANT NOTICES
-----------------
This policy is subject to all terms, conditions, and exclusions described in the full policy contract. Coverage limits represent the maximum amount payable per occurrence. Deductibles are the amount the policyholder must pay before coverage applies. Premium amounts are subject to change at renewal based on claims history, coverage changes, and applicable rate filings. Contact your agent for questions about your coverage.
",2023-11-21T00:00:00
DOC-POL-000058,CUST-0023,POL-000058,,policy_summary,Auto Insurance Policy POL-000058 for Taylor Bell,"POLICY SUMMARY DOCUMENT
=======================

Policy Number: POL-000058
Policy Type: Auto Insurance
Policyholder: Taylor Bell (CUST-0023)
Address: 348 Magnolia Blvd, Columbus, OH 43201

Effective Date: 2024-10-28
Expiration Date: 2025-10-28
Status: Lapsed
Annual Premium: $1,756.25
Payment Frequency: Quarterly

COVERAGES
---------
  - Liability: Limit $102,000.00, Deductible $0.00
  - Collision: Limit $38,000.00, Deductible $2,000.00

IMPORTANT NOTICES
-----------------
This policy is subject to all terms, conditions, and exclusions described in the full policy contract. Coverage limits represent the maximum amount payable per occurrence. Deductibles are the amount the policyholder must pay before coverage applies. Premium amounts are subject to change at renewal based on claims history, coverage changes, and applicable rate filings. Contact your agent for questions about your coverage.
",2024-10-23T00:00:00
DOC-POL-000059,CUST-0023,POL-000059,,policy_summary,Home Insurance Policy POL-000059 for Taylor Bell,"POLICY SUMMARY DOCUMENT
=======================

Policy Number: POL-000059
Policy Type: Home Insurance
Policyholder: Taylor Bell (CUST-0023)
Address: 348 Magnolia Blvd, Columbus, OH 43201

Effective Date: 2024-04-11
Expiration Date: 2027-04-27
Status: Active
Annual Premium: $2,751.55
Payment Frequency: Monthly

COVERAGES
---------
  - Dwelling: Limit $674,000.00, Deductible $1,300.00
  - Personal Property: Limit $99,000.00, Deductible $2,200.00

IMPORTANT NOTICES
-----------------
This policy is subject to all terms, conditions, and exclusions described in the full policy contract. Coverage limits represent the maximum amount payable per occurrence. Deductibles are the amount the policyholder must pay before coverage applies. Premium amounts are subject to change at renewal based on claims history, coverage changes, and applicable rate filings. Contact your agent for questions about your coverage.
",2024-04-06T00:00:00
DOC-POL-000060,CUST-0024,POL-000060,,policy_summary,Auto Insurance Policy POL-000060 for Indigo Harris,"POLICY SUMMARY DOCUMENT
=======================

Policy Number: POL-000060
Policy Type: Auto Insurance
Policyholder: Indigo Harris (CUST-0024)
Address: 582 Willow Ave, Columbus, OH 43201

Effective Date: 2024-11-15
Expiration Date: 2026-10-13
Status: Active
Annual Premium: $1,277.39
Payment Frequency: Annual

COVERAGES
---------
  - Liability: Limit $395,000.00, Deductible $0.00
  - Collision: Limit $26,000.00, Deductible $1,500.00

IMPORTANT NOTICES
-----------------
This policy is subject to all terms, conditions, and exclusions described in the full policy contract. Coverage limits represent the maximum amount payable per occurrence. Deductibles are the amount the policyholder must pay before coverage applies. Premium amounts are subject to change at renewal based on claims history, coverage changes, and applicable rate filings. Contact your agent for questions about your coverage.
",2024-11-10T00:00:00
DOC-POL-000061,CUST-0024,POL-000061,,policy_summary,Umbrella Insurance Policy POL-000061 for Indigo Harris,"POLICY SUMMARY DOCUMENT
=======================

Policy Number: POL-000061
Policy Type: Umbrella Insurance
Policyholder: Indigo Harris (CUST-0024)
Address: 582 Willow Ave, Columbus, OH 43201

Effective Date: 2025-03-07
Expiration Date: 2027-05-16
Status: Active
Annual Premium: $669.71
Payment Frequency: Monthly

COVERAGES
---------
  - Umbrella Excess: Limit $1,271,000.00, Deductible $0.00

IMPORTANT NOTICES
-----------------
This policy is subject to all terms, conditions, and exclusions described in the full policy contract. Coverage limits represent the maximum amount payable per occurrence. Deductibles are the amount the policyholder must pay before coverage applies. Premium amounts are subject to change at renewal based on claims history, coverage changes, and applicable rate filings. Contact your agent for questions about your coverage.
",2025-03-02T00:00:00
DOC-POL-000062,CUST-0024,POL-000062,,policy_summary,Home Insurance Policy POL-000062 for Indigo Harris,"POLICY SUMMARY DOCUMENT
=======================

Policy Number: POL-000062
Policy Type: Home Insurance
Policyholder: Indigo Harris (CUST-0024)
Address: 582 Willow Ave, Columbus, OH 43201

Effective Date: 2024-11-15
Expiration Date: 2026-09-18
Status: Active
Annual Premium: $1,571.69
Payment Frequency: Quarterly

COVERAGES
---------
  - Dwelling: Limit $686,000.00, Deductible $4,900.00
  - Personal Property: Limit $85,000.00, Deductible $700.00
  - Liability: Limit $306,000.00, Deductible $0.00

IMPORTANT NOTICES
-----------------
This policy is subject to all terms, conditions, and exclusions described in the full policy contract. Coverage limits represent the maximum amount payable per occurrence. Deductibles are the amount the policyholder must pay before coverage applies. Premium amounts are subject to change at renewal based on claims history, coverage changes, and applicable rate filings. Contact your agent for questions about your coverage.
",2024-11-10T00:00:00
DOC-POL-000063,CUST-0024,POL-000063,,policy_summary,Renters Insurance Policy POL-000063 for Indigo Harris,"POLICY SUMMARY DOCUMENT
=======================

Policy Number: POL-000063
Policy Type: Renters Insurance
Policyholder: Indigo Harris (CUST-0024)
Address: 582 Willow Ave, Columbus, OH 43201

Effective Date: 2023-12-02
Expiration Date: 2027-05-17
Status: Active
Annual Premium: $492.54
Payment Frequency: Semi Annual

COVERAGES
---------
  - Personal Property: Limit $58,000.00, Deductible $1,100.00
  - Liability: Limit $289,000.00, Deductible $0.00

IMPORTANT NOTICES
-----------------
This policy is subject to all terms, conditions, and exclusions described in the full policy contract. Coverage limits represent the maximum amount payable per occurrence. Deductibles are the amount the policyholder must pay before coverage applies. Premium amounts are subject to change at renewal based on claims history, coverage changes, and applicable rate filings. Contact your agent for questions about your coverage.
",2023-11-27T00:00:00
DOC-POL-000064,CUST-0025,POL-000064,,policy_summary,Renters Insurance Policy POL-000064 for Finley Cox,"POLICY SUMMARY DOCUMENT
=======================

Policy Number: POL-000064
Policy Type: Renters Insurance
Policyholder: Finley Cox (CUST-0025)
Address: 582 Willow Ave, Denver, CO 80201

Effective Date: 2024-09-24
Expiration Date: 2026-09-28
Status: Active
Annual Premium: $593.92
Payment Frequency: Monthly

COVERAGES
---------
  - Personal Property: Limit $78,000.00, Deductible $500.00
  - Liability: Limit $184,000.00, Deductible $0.00

IMPORTANT NOTICES
-----------------
This policy is subject to all terms, conditions, and exclusions described in the full policy contract. Coverage limits represent the maximum amount payable per occurrence. Deductibles are the amount the policyholder must pay before coverage applies. Premium amounts are subject to change at renewal based on claims history, coverage changes, and applicable rate filings. Contact your agent for questions about your coverage.
",2024-09-19T00:00:00
DOC-POL-000065,CUST-0026,POL-000065,,policy_summary,Auto Insurance Policy POL-000065 for Ellis Davis,"POLICY SUMMARY DOCUMENT
=======================

Policy Number: POL-000065
Policy Type: Auto Insurance
Policyholder: Ellis Davis (CUST-0026)
Address: 321 Pine Rd, Columbus, OH 43201

Effective Date: 2025-02-06
Expiration Date: 2027-03-25
Status: Active
Annual Premium: $1,067.22
Payment Frequency: Quarterly

COVERAGES
---------
  - Liability: Limit $449,000.00, Deductible $0.00
  - Collision: Limit $62,000.00, Deductible $1,100.00

IMPORTANT NOTICES
-----------------
This policy is subject to all terms, conditions, and exclusions described in the full policy contract. Coverage limits represent the maximum amount payable per occurrence. Deductibles are the amount the policyholder must pay before coverage applies. Premium amounts are subject to change at renewal based on claims history, coverage changes, and applicable rate filings. Contact your agent for questions about your coverage.
",2025-02-01T00:00:00
DOC-POL-000066,CUST-0026,POL-000066,,policy_summary,Auto Insurance Policy POL-000066 for Ellis Davis,"POLICY SUMMARY DOCUMENT
=======================

Policy Number: POL-000066
Policy Type: Auto Insurance
Policyholder: Ellis Davis (CUST-0026)
Address: 321 Pine Rd, Columbus, OH 43201

Effective Date: 2024-08-31
Expiration Date: 2026-09-07
Status: Active
Annual Premium: $1,543.09
Payment Frequency: Quarterly

COVERAGES
---------
  - Liability: Limit $165,000.00, Deductible $0.00
  - Collision: Limit $68,000.00, Deductible $700.00

IMPORTANT NOTICES
-----------------
This policy is subject to all terms, conditions, and exclusions described in the full policy contract. Coverage limits represent the maximum amount payable per occurrence. Deductibles are the amount the policyholder must pay before coverage applies. Premium amounts are subject to change at renewal based on claims history, coverage changes, and applicable rate filings. Contact your agent for questions about your coverage.
",2024-08-26T00:00:00
DOC-POL-000067,CUST-0026,POL-000067,,policy_summary,Renters Insurance Policy POL-000067 for Ellis Davis,"POLICY SUMMARY DOCUMENT
=======================

Policy Number: POL-000067
Policy Type: Renters Insurance
Policyholder: Ellis Davis (CUST-0026)
Address: 321 Pine Rd, Columbus, OH 43201

Effective Date: 2025-07-12
Expiration Date: 2027-06-08
Status: Active
Annual Premium: $587.35
Payment Frequency: Semi Annual

COVERAGES
---------
  - Personal Property: Limit $75,000.00, Deductible $1,600.00
  - Liability: Limit $337,000.00, Deductible $0.00

IMPORTANT NOTICES
-----------------
This policy is subject to all terms, conditions, and exclusions described in the full policy contract. Coverage limits represent the maximum amount payable per occurrence. Deductibles are the amount the policyholder must pay before coverage applies. Premium amounts are subject to change at renewal based on claims history, coverage changes, and applicable rate filings. Contact your agent for questions about your coverage.
",2025-07-07T00:00:00
DOC-POL-000068,CUST-0027,POL-000068,,policy_summary,Auto Insurance Policy POL-000068 for Noel Edwards,"POLICY SUMMARY DOCUMENT
=======================

Policy Number: POL-000068
Policy Type: Auto Insurance
Policyholder: Noel Edwards (CUST-0027)
Address: 915 Hickory Ln, Minneapolis, MN 55401

Effective Date: 2024-02-23
Expiration Date: 2027-03-21
Status: Active
Annual Premium: $1,253.45
Payment Frequency: Annual

COVERAGES
---------
  - Liability: Limit $305,000.00, Deductible $0.00
  - Collision: Limit $33,000.00, Deductible $700.00

IMPORTANT NOTICES
-----------------
This policy is subject to all terms, conditions, and exclusions described in the full policy contract. Coverage limits represent the maximum amount payable per occurrence. Deductibles are the amount the policyholder must pay before coverage applies. Premium amounts are subject to change at renewal based on claims history, coverage changes, and applicable rate filings. Contact your agent for questions about your coverage.
",2024-02-18T00:00:00
DOC-POL-000069,CUST-0027,POL-000069,,policy_summary,Umbrella Insurance Policy POL-000069 for Noel Edwards,"POLICY SUMMARY DOCUMENT
=======================

Policy Number: POL-000069
Policy Type: Umbrella Insurance
Policyholder: Noel Edwards (CUST-0027)
Address: 915 Hickory Ln, Minneapolis, MN 55401

Effective Date: 2023-11-15
Expiration Date: 2027-04-25
Status: Active
Annual Premium: $574.39
Payment Frequency: Annual

COVERAGES
---------
  - Umbrella Excess: Limit $4,980,000.00, Deductible $0.00

IMPORTANT NOTICES
-----------------
This policy is subject to all terms, conditions, and exclusions described in the full policy contract. Coverage limits represent the maximum amount payable per occurrence. Deductibles are the amount the policyholder must pay before coverage applies. Premium amounts are subject to change at renewal based on claims history, coverage changes, and applicable rate filings. Contact your agent for questions about your coverage.
",2023-11-10T00:00:00
DOC-POL-000070,CUST-0027,POL-000070,,policy_summary,Auto Insurance Policy POL-000070 for Noel Edwards,"POLICY SUMMARY DOCUMENT
=======================

Policy Number: POL-000070
Policy Type: Auto Insurance
Policyholder: Noel Edwards (CUST-0027)
Address: 915 Hickory Ln, Minneapolis, MN 55401

Effective Date: 2024-01-13
Expiration Date: 2025-01-12
Status: Cancelled
Annual Premium: $910.58
Payment Frequency: Monthly

COVERAGES
---------
  - Liability: Limit $173,000.00, Deductible $0.00
  - Collision: Limit $71,000.00, Deductible $1,600.00

IMPORTANT NOTICES
-----------------
This policy is subject to all terms, conditions, and exclusions described in the full policy contract. Coverage limits represent the maximum amount payable per occurrence. Deductibles are the amount the policyholder must pay before coverage applies. Premium amounts are subject to change at renewal based on claims history, coverage changes, and applicable rate filings. Contact your agent for questions about your coverage.
",2024-01-08T00:00:00
DOC-POL-000071,CUST-0028,POL-000071,,policy_summary,Umbrella Insurance Policy POL-000071 for Kerry Mitchell,"POLICY SUMMARY DOCUMENT
=======================

Policy Number: POL-000071
Policy Type: Umbrella Insurance
Policyholder: Kerry Mitchell (CUST-0028)
Address: 471 Ash St, Indianapolis, IN 46201

Effective Date: 2023-10-06
Expiration Date: 2027-06-22
Status: Active
Annual Premium: $629.64
Payment Frequency: Quarterly

COVERAGES
---------
  - Umbrella Excess: Limit $3,189,000.00, Deductible $0.00

IMPORTANT NOTICES
-----------------
This policy is subject to all terms, conditions, and exclusions described in the full policy contract. Coverage limits represent the maximum amount payable per occurrence. Deductibles are the amount the policyholder must pay before coverage applies. Premium amounts are subject to change at renewal based on claims history, coverage changes, and applicable rate filings. Contact your agent for questions about your coverage.
",2023-10-01T00:00:00
DOC-POL-000072,CUST-0028,POL-000072,,policy_summary,Home Insurance Policy POL-000072 for Kerry Mitchell,"POLICY SUMMARY DOCUMENT
=======================

Policy Number: POL-000072
Policy Type: Home Insurance
Policyholder: Kerry Mitchell (CUST-0028)
Address: 471 Ash St, Indianapolis, IN 46201

Effective Date: 2025-06-03
Expiration Date: 2026-06-03
Status: Cancelled
Annual Premium: $2,454.33
Payment Frequency: Monthly

COVERAGES
---------
  - Dwelling: Limit $652,000.00, Deductible $4,800.00
  - Personal Property: Limit $125,000.00, Deductible $600.00

IMPORTANT NOTICES
-----------------
This policy is subject to all terms, conditions, and exclusions described in the full policy contract. Coverage limits represent the maximum amount payable per occurrence. Deductibles are the amount the policyholder must pay before coverage applies. Premium amounts are subject to change at renewal based on claims history, coverage changes, and applicable rate filings. Contact your agent for questions about your coverage.
",2025-05-29T00:00:00
DOC-POL-000073,CUST-0028,POL-000073,,policy_summary,Auto Insurance Policy POL-000073 for Kerry Mitchell,"POLICY SUMMARY DOCUMENT
=======================

Policy Number: POL-000073
Policy Type: Auto Insurance
Policyholder: Kerry Mitchell (CUST-0028)
Address: 471 Ash St, Indianapolis, IN 46201

Effective Date: 2024-05-26
Expiration Date: 2026-11-03
Status: Active
Annual Premium: $1,605.98
Payment Frequency: Monthly

COVERAGES
---------
  - Liability: Limit $339,000.00, Deductible $0.00
  - Collision: Limit $45,000.00, Deductible $1,300.00
  - Comprehensive: Limit $40,000.00, Deductible $600.00

IMPORTANT NOTICES
-----------------
This policy is subject to all terms, conditions, and exclusions described in the full policy contract. Coverage limits represent the maximum amount payable per occurrence. Deductibles are the amount the policyholder must pay before coverage applies. Premium amounts are subject to change at renewal based on claims history, coverage changes, and applicable rate filings. Contact your agent for questions about your coverage.
",2024-05-21T00:00:00
DOC-POL-000074,CUST-0029,POL-000074,,policy_summary,Home Insurance Policy POL-000074 for Kerry Johnson,"POLICY SUMMARY DOCUMENT
=======================

Policy Number: POL-000074
Policy Type: Home Insurance
Policyholder: Kerry Johnson (CUST-0029)
Address: 147 Birch Way, Cincinnati, OH 45201

Effective Date: 2025-06-16
Expiration Date: 2026-12-28
Status: Active
Annual Premium: $2,850.63
Payment Frequency: Monthly

COVERAGES
---------
  - Dwelling: Limit $336,000.00, Deductible $3,800.00
  - Personal Property: Limit $158,000.00, Deductible $600.00
  - Liability: Limit $111,000.00, Deductible $0.00

IMPORTANT NOTICES
-----------------
This policy is subject to all terms, conditions, and exclusions described in the full policy contract. Coverage limits represent the maximum amount payable per occurrence. Deductibles are the amount the policyholder must pay before coverage applies. Premium amounts are subject to change at renewal based on claims history, coverage changes, and applicable rate filings. Contact your agent for questions about your coverage.
",2025-06-11T00:00:00
DOC-POL-000075,CUST-0029,POL-000075,,policy_summary,Auto Insurance Policy POL-000075 for Kerry Johnson,"POLICY SUMMARY DOCUMENT
=======================

Policy Number: POL-000075
Policy Type: Auto Insurance
Policyholder: Kerry Johnson (CUST-0029)
Address: 147 Birch Way, Cincinnati, OH 45201

Effective Date: 2024-04-09
Expiration Date: 2027-05-06
Status: Active
Annual Premium: $1,004.98
Payment Frequency: Monthly

COVERAGES
---------
  - Liability: Limit $437,000.00, Deductible $0.00
  - Collision: Limit $53,000.00, Deductible $1,000.00
  - Comprehensive: Limit $70,000.00, Deductible $400.00

IMPORTANT NOTICES
-----------------
This policy is subject to all terms, conditions, and exclusions described in the full policy contract. Coverage limits represent the maximum amount payable per occurrence. Deductibles are the amount the policyholder must pay before coverage applies. Premium amounts are subject to change at renewal based on claims history, coverage changes, and applicable rate filings. Contact your agent for questions about your coverage.
",2024-04-04T00:00:00
DOC-POL-000076,CUST-0029,POL-000076,,policy_summary,Home Insurance Policy POL-000076 for Kerry Johnson,"POLICY SUMMARY DOCUMENT
=======================

Policy Number: POL-000076
Policy Type: Home Insurance
Policyholder: Kerry Johnson (CUST-0029)
Address: 147 Birch Way, Cincinnati, OH 45201

Effective Date: 2024-05-03
Expiration Date: 2027-04-18
Status: Active
Annual Premium: $1,381.12
Payment Frequency: Monthly

COVERAGES
---------
  - Dwelling: Limit $332,000.00, Deductible $3,100.00
  - Personal Property: Limit $58,000.00, Deductible $500.00
  - Liability: Limit $313,000.00, Deductible $0.00

IMPORTANT NOTICES
-----------------
This policy is subject to all terms, conditions, and exclusions described in the full policy contract. Coverage limits represent the maximum amount payable per occurrence. Deductibles are the amount the policyholder must pay before coverage applies. Premium amounts are subject to change at renewal based on claims history, coverage changes, and applicable rate filings. Contact your agent for questions about your coverage.
",2024-04-28T00:00:00
DOC-POL-000077,CUST-0029,POL-000077,,policy_summary,Auto Insurance Policy POL-000077 for Kerry Johnson,"POLICY SUMMARY DOCUMENT
=======================

Policy Number: POL-000077
Policy Type: Auto Insurance
Policyholder: Kerry Johnson (CUST-0029)
Address: 147 Birch Way, Cincinnati, OH 45201

Effective Date: 2024-12-28
Expiration Date: 2026-12-30
Status: Active
Annual Premium: $1,452.28
Payment Frequency: Monthly

COVERAGES
---------
  - Liability: Limit $309,000.00, Deductible $0.00
  - Collision: Limit $62,000.00, Deductible $800.00

IMPORTANT NOTICES
-----------------
This policy is subject to all terms, conditions, and exclusions described in the full policy contract. Coverage limits represent the maximum amount payable per occurrence. Deductibles are the amount the policyholder must pay before coverage applies. Premium amounts are subject to change at renewal based on claims history, coverage changes, and applicable rate filings. Contact your agent for questions about your coverage.
",2024-12-23T00:00:00
DOC-POL-000078,CUST-0030,POL-000078,,policy_summary,Home Insurance Policy POL-000078 for Jules Howard,"POLICY SUMMARY DOCUMENT
=======================

Policy Number: POL-000078
Policy Type: Home Insurance
Policyholder: Jules Howard (CUST-0030)
Address: 693 Poplar Dr, Nashville, TN 37201

Effective Date: 2025-12-14
Expiration Date: 2026-12-14
Status: Active
Annual Premium: $2,975.24
Payment Frequency: Monthly

COVERAGES
---------
  - Dwelling: Limit $696,000.00, Deductible $4,000.00
  - Personal Property: Limit $102,000.00, Deductible $1,100.00
  - Liability: Limit $247,000.00, Deductible $0.00

IMPORTANT NOTICES
-----------------
This policy is subject to all terms, conditions, and exclusions described in the full policy contract. Coverage limits represent the maximum amount payable per occurrence. Deductibles are the amount the policyholder must pay before coverage applies. Premium amounts are subject to change at renewal based on claims history, coverage changes, and applicable rate filings. Contact your agent for questions about your coverage.
",2025-12-09T00:00:00
DOC-POL-000079,CUST-0030,POL-000079,,policy_summary,Home Insurance Policy POL-000079 for Jules Howard,"POLICY SUMMARY DOCUMENT
=======================

Policy Number: POL-000079
Policy Type: Home Insurance
Policyholder: Jules Howard (CUST-0030)
Address: 693 Poplar Dr, Nashville, TN 37201

Effective Date: 2026-01-23
Expiration Date: 2027-01-23
Status: Active
Annual Premium: $1,732.48
Payment Frequency: Quarterly

COVERAGES
---------
  - Dwelling: Limit $270,000.00, Deductible $3,800.00
  - Personal Property: Limit $177,000.00, Deductible $500.00
  - Liability: Limit $101,000.00, Deductible $0.00

IMPORTANT NOTICES
-----------------
This policy is subject to all terms, conditions, and exclusions described in the full policy contract. Coverage limits represent the maximum amount payable per occurrence. Deductibles are the amount the policyholder must pay before coverage applies. Premium amounts are subject to change at renewal based on claims history, coverage changes, and applicable rate filings. Contact your agent for questions about your coverage.
",2026-01-18T00:00:00
DOC-POL-000080,CUST-0031,POL-000080,,policy_summary,Home Insurance Policy POL-000080 for Kendall Mitchell,"POLICY SUMMARY DOCUMENT
=======================

Policy Number: POL-000080
Policy Type: Home Insurance
Policyholder: Kendall Mitchell (CUST-0031)
Address: 126 Sycamore Ct, Seattle, WA 98101

Effective Date: 2025-08-15
Expiration Date: 2027-01-09
Status: Active
Annual Premium: $2,291.24
Payment Frequency: Monthly

COVERAGES
---------
  - Dwelling: Limit $692,000.00, Deductible $1,100.00
  - Personal Property: Limit $184,000.00, Deductible $800.00

IMPORTANT NOTICES
-----------------
This policy is subject to all terms, conditions, and exclusions described in the full policy contract. Coverage limits represent the maximum amount payable per occurrence. Deductibles are the amount the policyholder must pay before coverage applies. Premium amounts are subject to change at renewal based on claims history, coverage changes, and applicable rate filings. Contact your agent for questions about your coverage.
",2025-08-10T00:00:00
DOC-POL-000081,CUST-0031,POL-000081,,policy_summary,Home Insurance Policy POL-000081 for Kendall Mitchell,"POLICY SUMMARY DOCUMENT
=======================

Policy Number: POL-000081
Policy Type: Home Insurance
Policyholder: Kendall Mitchell (CUST-0031)
Address: 126 Sycamore Ct, Seattle, WA 98101

Effective Date: 2025-02-13
Expiration Date: 2026-02-13
Status: Lapsed
Annual Premium: $2,855.81
Payment Frequency: Monthly

COVERAGES
---------
  - Dwelling: Limit $387,000.00, Deductible $4,100.00
  - Personal Property: Limit $86,000.00, Deductible $1,200.00

IMPORTANT NOTICES
-----------------
This policy is subject to all terms, conditions, and exclusions described in the full policy contract. Coverage limits represent the maximum amount payable per occurrence. Deductibles are the amount the policyholder must pay before coverage applies. Premium amounts are subject to change at renewal based on claims history, coverage changes, and applicable rate filings. Contact your agent for questions about your coverage.
",2025-02-08T00:00:00
DOC-POL-000082,CUST-0032,POL-000082,,policy_summary,Renters Insurance Policy POL-000082 for Pat Jones,"POLICY SUMMARY DOCUMENT
=======================

Policy Number: POL-000082
Policy Type: Renters Insurance
Policyholder: Pat Jones (CUST-0032)
Address: 126 Sycamore Ct, San Diego, CA 92101

Effective Date: 2025-05-14
Expiration Date: 2026-05-14
Status: Lapsed
Annual Premium: $480.84
Payment Frequency: Monthly

COVERAGES
---------
  - Personal Property: Limit $192,000.00, Deductible $1,100.00
  - Liability: Limit $184,000.00, Deductible $0.00

IMPORTANT NOTICES
-----------------
This policy is subject to all terms, conditions, and exclusions described in the full policy contract. Coverage limits represent the maximum amount payable per occurrence. Deductibles are the amount the policyholder must pay before coverage applies. Premium amounts are subject to change at renewal based on claims history, coverage changes, and applicable rate filings. Contact your agent for questions about your coverage.
",2025-05-09T00:00:00
DOC-POL-000083,CUST-0032,POL-000083,,policy_summary,Renters Insurance Policy POL-000083 for Pat Jones,"POLICY SUMMARY DOCUMENT
=======================

Policy Number: POL-000083
Policy Type: Renters Insurance
Policyholder: Pat Jones (CUST-0032)
Address: 126 Sycamore Ct, San Diego, CA 92101

Effective Date: 2024-07-09
Expiration Date: 2026-10-24
Status: Active
Annual Premium: $541.79
Payment Frequency: Quarterly

COVERAGES
---------
  - Personal Property: Limit $130,000.00, Deductible $1,100.00
  - Liability: Limit $122,000.00, Deductible $0.00

IMPORTANT NOTICES
-----------------
This policy is subject to all terms, conditions, and exclusions described in the full policy contract. Coverage limits represent the maximum amount payable per occurrence. Deductibles are the amount the policyholder must pay before coverage applies. Premium amounts are subject to change at renewal based on claims history, coverage changes, and applicable rate filings. Contact your agent for questions about your coverage.
",2024-07-04T00:00:00
DOC-POL-000084,CUST-0032,POL-000084,,policy_summary,Auto Insurance Policy POL-000084 for Pat Jones,"POLICY SUMMARY DOCUMENT
=======================

Policy Number: POL-000084
Policy Type: Auto Insurance
Policyholder: Pat Jones (CUST-0032)
Address: 126 Sycamore Ct, San Diego, CA 92101

Effective Date: 2023-11-19
Expiration Date: 2027-04-17
Status: Active
Annual Premium: $1,111.42
Payment Frequency: Monthly

COVERAGES
---------
  - Liability: Limit $401,000.00, Deductible $0.00
  - Collision: Limit $52,000.00, Deductible $1,600.00

IMPORTANT NOTICES
-----------------
This policy is subject to all terms, conditions, and exclusions described in the full policy contract. Coverage limits represent the maximum amount payable per occurrence. Deductibles are the amount the policyholder must pay before coverage applies. Premium amounts are subject to change at renewal based on claims history, coverage changes, and applicable rate filings. Contact your agent for questions about your coverage.
",2023-11-14T00:00:00
DOC-POL-000085,CUST-0032,POL-000085,,policy_summary,Auto Insurance Policy POL-000085 for Pat Jones,"POLICY SUMMARY DOCUMENT
=======================

Policy Number: POL-000085
Policy Type: Auto Insurance
Policyholder: Pat Jones (CUST-0032)
Address: 126 Sycamore Ct, San Diego, CA 92101

Effective Date: 2024-06-10
Expiration Date: 2026-10-22
Status: Active
Annual Premium: $998.15
Payment Frequency: Monthly

COVERAGES
---------
  - Liability: Limit $476,000.00, Deductible $0.00
  - Collision: Limit $52,000.00, Deductible $600.00
  - Comprehensive: Limit $51,000.00, Deductible $500.00

IMPORTANT NOTICES
-----------------
This policy is subject to all terms, conditions, and exclusions described in the full policy contract. Coverage limits represent the maximum amount payable per occurrence. Deductibles are the amount the policyholder must pay before coverage applies. Premium amounts are subject to change at renewal based on claims history, coverage changes, and applicable rate filings. Contact your agent for questions about your coverage.
",2024-06-05T00:00:00
DOC-POL-000086,CUST-0033,POL-000086,,policy_summary,Home Insurance Policy POL-000086 for Val King,"POLICY SUMMARY DOCUMENT
=======================

Policy Number: POL-000086
Policy Type: Home Insurance
Policyholder: Val King (CUST-0033)
Address: 123 Main St, Seattle, WA 98101

Effective Date: 2025-10-20
Expiration Date: 2026-10-20
Status: Active
Annual Premium: $1,486.32
Payment Frequency: Semi Annual

COVERAGES
---------
  - Dwelling: Limit $413,000.00, Deductible $3,300.00
  - Personal Property: Limit $160,000.00, Deductible $1,200.00

IMPORTANT NOTICES
-----------------
This policy is subject to all terms, conditions, and exclusions described in the full policy contract. Coverage limits represent the maximum amount payable per occurrence. Deductibles are the amount the policyholder must pay before coverage applies. Premium amounts are subject to change at renewal based on claims history, coverage changes, and applicable rate filings. Contact your agent for questions about your coverage.
",2025-10-15T00:00:00
DOC-POL-000087,CUST-0033,POL-000087,,policy_summary,Home Insurance Policy POL-000087 for Val King,"POLICY SUMMARY DOCUMENT
=======================

Policy Number: POL-000087
Policy Type: Home Insurance
Policyholder: Val King (CUST-0033)
Address: 123 Main St, Seattle, WA 98101

Effective Date: 2025-08-05
Expiration Date: 2026-12-23
Status: Active
Annual Premium: $2,081.48
Payment Frequency: Quarterly

COVERAGES
---------
  - Dwelling: Limit $703,000.00, Deductible $4,800.00
  - Personal Property: Limit $130,000.00, Deductible $900.00
  - Liability: Limit $448,000.00, Deductible $0.00

IMPORTANT NOTICES
-----------------
This policy is subject to all terms, conditions, and exclusions described in the full policy contract. Coverage limits represent the maximum amount payable per occurrence. Deductibles are the amount the policyholder must pay before coverage applies. Premium amounts are subject to change at renewal based on claims history, coverage changes, and applicable rate filings. Contact your agent for questions about your coverage.
",2025-07-31T00:00:00
DOC-POL-000088,CUST-0033,POL-000088,,policy_summary,Home Insurance Policy POL-000088 for Val King,"POLICY SUMMARY DOCUMENT
=======================

Policy Number: POL-000088
Policy Type: Home Insurance
Policyholder: Val King (CUST-0033)
Address: 123 Main St, Seattle, WA 98101

Effective Date: 2025-11-17
Expiration Date: 2026-11-17
Status: Active
Annual Premium: $2,029.48
Payment Frequency: Monthly

COVERAGES
---------
  - Dwelling: Limit $541,000.00, Deductible $1,000.00
  - Personal Property: Limit $172,000.00, Deductible $1,300.00

IMPORTANT NOTICES
-----------------
This policy is subject to all terms, conditions, and exclusions described in the full policy contract. Coverage limits represent the maximum amount payable per occurrence. Deductibles are the amount the policyholder must pay before coverage applies. Premium amounts are subject to change at renewal based on claims history, coverage changes, and applicable rate filings. Contact your agent for questions about your coverage.
",2025-11-12T00:00:00
DOC-POL-000089,CUST-0033,POL-000089,,policy_summary,Auto Insurance Policy POL-000089 for Val King,"POLICY SUMMARY DOCUMENT
=======================

Policy Number: POL-000089
Policy Type: Auto Insurance
Policyholder: Val King (CUST-0033)
Address: 123 Main St, Seattle, WA 98101

Effective Date: 2023-10-17
Expiration Date: 2026-09-19
Status: Active
Annual Premium: $976.33
Payment Frequency: Monthly

COVERAGES
---------
  - Liability: Limit $335,000.00, Deductible $0.00
  - Collision: Limit $42,000.00, Deductible $1,300.00

IMPORTANT NOTICES
-----------------
This policy is subject to all terms, conditions, and exclusions described in the full policy contract. Coverage limits represent the maximum amount payable per occurrence. Deductibles are the amount the policyholder must pay before coverage applies. Premium amounts are subject to change at renewal based on claims history, coverage changes, and applicable rate filings. Contact your agent for questions about your coverage.
",2023-10-12T00:00:00
DOC-POL-000090,CUST-0034,POL-000090,,policy_summary,Home Insurance Policy POL-000090 for Briar Morris,"POLICY SUMMARY DOCUMENT
=======================

Policy Number: POL-000090
Policy Type: Home Insurance
Policyholder: Briar Morris (CUST-0034)
Address: 456 Oak Ave, Portland, OR 97201

Effective Date: 2025-11-12
Expiration Date: 2026-11-12
Status: Lapsed
Annual Premium: $2,765.96
Payment Frequency: Monthly

COVERAGES
---------
  - Dwelling: Limit $457,000.00, Deductible $1,300.00
  - Personal Property: Limit $149,000.00, Deductible $600.00
  - Liability: Limit $248,000.00, Deductible $0.00

IMPORTANT NOTICES
-----------------
This policy is subject to all terms, conditions, and exclusions described in the full policy contract. Coverage limits represent the maximum amount payable per occurrence. Deductibles are the amount the policyholder must pay before coverage applies. Premium amounts are subject to change at renewal based on claims history, coverage changes, and applicable rate filings. Contact your agent for questions about your coverage.
",2025-11-07T00:00:00
DOC-POL-000091,CUST-0035,POL-000091,,policy_summary,Auto Insurance Policy POL-000091 for Uri Edwards,"POLICY SUMMARY DOCUMENT
=======================

Policy Number: POL-000091
Policy Type: Auto Insurance
Policyholder: Uri Edwards (CUST-0035)
Address: 693 Poplar Dr, Kansas City, MO 64101

Effective Date: 2024-08-07
Expiration Date: 2025-08-07
Status: Lapsed
Annual Premium: $1,313.09
Payment Frequency: Monthly

COVERAGES
---------
  - Liability: Limit $409,000.00, Deductible $0.00
  - Collision: Limit $49,000.00, Deductible $1,100.00
  - Comprehensive: Limit $45,000.00, Deductible $600.00

IMPORTANT NOTICES
-----------------
This policy is subject to all terms, conditions, and exclusions described in the full policy contract. Coverage limits represent the maximum amount payable per occurrence. Deductibles are the amount the policyholder must pay before coverage applies. Premium amounts are subject to change at renewal based on claims history, coverage changes, and applicable rate filings. Contact your agent for questions about your coverage.
",2024-08-02T00:00:00
DOC-POL-000092,CUST-0035,POL-000092,,policy_summary,Auto Insurance Policy POL-000092 for Uri Edwards,"POLICY SUMMARY DOCUMENT
=======================

Policy Number: POL-000092
Policy Type: Auto Insurance
Policyholder: Uri Edwards (CUST-0035)
Address: 693 Poplar Dr, Kansas City, MO 64101

Effective Date: 2025-01-21
Expiration Date: 2027-05-19
Status: Active
Annual Premium: $1,808.55
Payment Frequency: Monthly

COVERAGES
---------
  - Liability: Limit $182,000.00, Deductible $0.00
  - Collision: Limit $39,000.00, Deductible $1,700.00

IMPORTANT NOTICES
-----------------
This policy is subject to all terms, conditions, and exclusions described in the full policy contract. Coverage limits represent the maximum amount payable per occurrence. Deductibles are the amount the policyholder must pay before coverage applies. Premium amounts are subject to change at renewal based on claims history, coverage changes, and applicable rate filings. Contact your agent for questions about your coverage.
",2025-01-16T00:00:00
DOC-POL-000093,CUST-0035,POL-000093,,policy_summary,Home Insurance Policy POL-000093 for Uri Edwards,"POLICY SUMMARY DOCUMENT
=======================

Policy Number: POL-000093
Policy Type: Home Insurance
Policyholder: Uri Edwards (CUST-0035)
Address: 693 Poplar Dr, Kansas City, MO 64101

Effective Date: 2024-01-14
Expiration Date: 2026-12-23
Status: Active
Annual Premium: $2,429.76
Payment Frequency: Semi Annual

COVERAGES
---------
  - Dwelling: Limit $222,000.00, Deductible $3,700.00
  - Personal Property: Limit $99,000.00, Deductible $600.00

IMPORTANT NOTICES
-----------------
This policy is subject to all terms, conditions, and exclusions described in the full policy contract. Coverage limits represent the maximum amount payable per occurrence. Deductibles are the amount the policyholder must pay before coverage applies. Premium amounts are subject to change at renewal based on claims history, coverage changes, and applicable rate filings. Contact your agent for questions about your coverage.
",2024-01-09T00:00:00
DOC-POL-000094,CUST-0036,POL-000094,,policy_summary,Umbrella Insurance Policy POL-000094 for Vic Baker,"POLICY SUMMARY DOCUMENT
=======================

Policy Number: POL-000094
Policy Type: Umbrella Insurance
Policyholder: Vic Baker (CUST-0036)
Address: 915 Hickory Ln, San Diego, CA 92101

Effective Date: 2024-04-18
Expiration Date: 2026-11-02
Status: Active
Annual Premium: $329.48
Payment Frequency: Semi Annual

COVERAGES
---------
  - Umbrella Excess: Limit $1,484,000.00, Deductible $0.00

IMPORTANT NOTICES
-----------------
This policy is subject to all terms, conditions, and exclusions described in the full policy contract. Coverage limits represent the maximum amount payable per occurrence. Deductibles are the amount the policyholder must pay before coverage applies. Premium amounts are subject to change at renewal based on claims history, coverage changes, and applicable rate filings. Contact your agent for questions about your coverage.
",2024-04-13T00:00:00
DOC-POL-000095,CUST-0036,POL-000095,,policy_summary,Auto Insurance Policy POL-000095 for Vic Baker,"POLICY SUMMARY DOCUMENT
=======================

Policy Number: POL-000095
Policy Type: Auto Insurance
Policyholder: Vic Baker (CUST-0036)
Address: 915 Hickory Ln, San Diego, CA 92101

Effective Date: 2024-10-13
Expiration Date: 2026-10-22
Status: Active
Annual Premium: $1,093.21
Payment Frequency: Monthly

COVERAGES
---------
  - Liability: Limit $494,000.00, Deductible $0.00
  - Collision: Limit $57,000.00, Deductible $1,600.00
  - Comprehensive: Limit $67,000.00, Deductible $900.00

IMPORTANT NOTICES
-----------------
This policy is subject to all terms, conditions, and exclusions described in the full policy contract. Coverage limits represent the maximum amount payable per occurrence. Deductibles are the amount the policyholder must pay before coverage applies. Premium amounts are subject to change at renewal based on claims history, coverage changes, and applicable rate filings. Contact your agent for questions about your coverage.
",2024-10-08T00:00:00
DOC-POL-000096,CUST-0036,POL-000096,,policy_summary,Home Insurance Policy POL-000096 for Vic Baker,"POLICY SUMMARY DOCUMENT
=======================

Policy Number: POL-000096
Policy Type: Home Insurance
Policyholder: Vic Baker (CUST-0036)
Address: 915 Hickory Ln, San Diego, CA 92101

Effective Date: 2024-06-15
Expiration Date: 2027-01-14
Status: Active
Annual Premium: $2,200.62
Payment Frequency: Quarterly

COVERAGES
---------
  - Dwelling: Limit $398,000.00, Deductible $1,300.00
  - Personal Property: Limit $156,000.00, Deductible $1,800.00
  - Liability: Limit $215,000.00, Deductible $0.00

IMPORTANT NOTICES
-----------------
This policy is subject to all terms, conditions, and exclusions described in the full policy contract. Coverage limits represent the maximum amount payable per occurrence. Deductibles are the amount the policyholder must pay before coverage applies. Premium amounts are subject to change at renewal based on claims history, coverage changes, and applicable rate filings. Contact your agent for questions about your coverage.
",2024-06-10T00:00:00
DOC-POL-000097,CUST-0037,POL-000097,,policy_summary,Auto Insurance Policy POL-000097 for Casey Thompson,"POLICY SUMMARY DOCUMENT
=======================

Policy Number: POL-000097
Policy Type: Auto Insurance
Policyholder: Casey Thompson (CUST-0037)
Address: 456 Oak Ave, Seattle, WA 98101

Effective Date: 2023-09-27
Expiration Date: 2024-09-26
Status: Lapsed
Annual Premium: $862.67
Payment Frequency: Monthly

COVERAGES
---------
  - Liability: Limit $340,000.00, Deductible $0.00
  - Collision: Limit $36,000.00, Deductible $1,000.00
  - Comprehensive: Limit $50,000.00, Deductible $400.00

IMPORTANT NOTICES
-----------------
This policy is subject to all terms, conditions, and exclusions described in the full policy contract. Coverage limits represent the maximum amount payable per occurrence. Deductibles are the amount the policyholder must pay before coverage applies. Premium amounts are subject to change at renewal based on claims history, coverage changes, and applicable rate filings. Contact your agent for questions about your coverage.
",2023-09-22T00:00:00
DOC-POL-000098,CUST-0037,POL-000098,,policy_summary,Auto Insurance Policy POL-000098 for Casey Thompson,"POLICY SUMMARY DOCUMENT
=======================

Policy Number: POL-000098
Policy Type: Auto Insurance
Policyholder: Casey Thompson (CUST-0037)
Address: 456 Oak Ave, Seattle, WA 98101

Effective Date: 2025-05-02
Expiration Date: 2027-02-07
Status: Active
Annual Premium: $857.59
Payment Frequency: Monthly

COVERAGES
---------
  - Liability: Limit $129,000.00, Deductible $0.00
  - Collision: Limit $31,000.00, Deductible $900.00
  - Comprehensive: Limit $60,000.00, Deductible $800.00

IMPORTANT NOTICES
-----------------
This policy is subject to all terms, conditions, and exclusions described in the full policy contract. Coverage limits represent the maximum amount payable per occurrence. Deductibles are the amount the policyholder must pay before coverage applies. Premium amounts are subject to change at renewal based on claims history, coverage changes, and applicable rate filings. Contact your agent for questions about your coverage.
",2025-04-27T00:00:00
DOC-POL-000099,CUST-0037,POL-000099,,policy_summary,Home Insurance Policy POL-000099 for Casey Thompson,"POLICY SUMMARY DOCUMENT
=======================

Policy Number: POL-000099
Policy Type: Home Insurance
Policyholder: Casey Thompson (CUST-0037)
Address: 456 Oak Ave, Seattle, WA 98101

Effective Date: 2023-10-27
Expiration Date: 2027-02-08
Status: Active
Annual Premium: $2,624.84
Payment Frequency: Monthly

COVERAGES
---------
  - Dwelling: Limit $479,000.00, Deductible $3,300.00
  - Personal Property: Limit $65,000.00, Deductible $800.00
  - Liability: Limit $289,000.00, Deductible $0.00

IMPORTANT NOTICES
-----------------
This policy is subject to all terms, conditions, and exclusions described in the full policy contract. Coverage limits represent the maximum amount payable per occurrence. Deductibles are the amount the policyholder must pay before coverage applies. Premium amounts are subject to change at renewal based on claims history, coverage changes, and applicable rate filings. Contact your agent for questions about your coverage.
",2023-10-22T00:00:00
DOC-POL-000100,CUST-0038,POL-000100,,policy_summary,Auto Insurance Policy POL-000100 for Winter Walker,"POLICY SUMMARY DOCUMENT
=======================

Policy Number: POL-000100
Policy Type: Auto Insurance
Policyholder: Winter Walker (CUST-0038)
Address: 126 Sycamore Ct, Cincinnati, OH 45201

Effective Date: 2024-09-17
Expiration Date: 2025-09-17
Status: Renewed
Annual Premium: $1,757.80
Payment Frequency: Quarterly

COVERAGES
---------
  - Liability: Limit $299,000.00, Deductible $0.00
  - Collision: Limit $40,000.00, Deductible $1,400.00

IMPORTANT NOTICES
-----------------
This policy is subject to all terms, conditions, and exclusions described in the full policy contract. Coverage limits represent the maximum amount payable per occurrence. Deductibles are the amount the policyholder must pay before coverage applies. Premium amounts are subject to change at renewal based on claims history, coverage changes, and applicable rate filings. Contact your agent for questions about your coverage.
",2024-09-12T00:00:00
DOC-POL-000101,CUST-0038,POL-000101,,policy_summary,Umbrella Insurance Policy POL-000101 for Winter Walker,"POLICY SUMMARY DOCUMENT
=======================

Policy Number: POL-000101
Policy Type: Umbrella Insurance
Policyholder: Winter Walker (CUST-0038)
Address: 126 Sycamore Ct, Cincinnati, OH 45201

Effective Date: 2026-01-09
Expiration Date: 2027-01-09
Status: Active
Annual Premium: $736.19
Payment Frequency: Monthly

COVERAGES
---------
  - Umbrella Excess: Limit $3,942,000.00, Deductible $0.00

IMPORTANT NOTICES
-----------------
This policy is subject to all terms, conditions, and exclusions described in the full policy contract. Coverage limits represent the maximum amount payable per occurrence. Deductibles are the amount the policyholder must pay before coverage applies. Premium amounts are subject to change at renewal based on claims history, coverage changes, and applicable rate filings. Contact your agent for questions about your coverage.
",2026-01-04T00:00:00
DOC-POL-000102,CUST-0038,POL-000102,,policy_summary,Renters Insurance Policy POL-000102 for Winter Walker,"POLICY SUMMARY DOCUMENT
=======================

Policy Number: POL-000102
Policy Type: Renters Insurance
Policyholder: Winter Walker (CUST-0038)
Address: 126 Sycamore Ct, Cincinnati, OH 45201

Effective Date: 2024-08-21
Expiration Date: 2026-10-17
Status: Active
Annual Premium: $472.91
Payment Frequency: Monthly

COVERAGES
---------
  - Personal Property: Limit $187,000.00, Deductible $800.00
  - Liability: Limit $489,000.00, Deductible $0.00

IMPORTANT NOTICES
-----------------
This policy is subject to all terms, conditions, and exclusions described in the full policy contract. Coverage limits represent the maximum amount payable per occurrence. Deductibles are the amount the policyholder must pay before coverage applies. Premium amounts are subject to change at renewal based on claims history, coverage changes, and applicable rate filings. Contact your agent for questions about your coverage.
",2024-08-16T00:00:00
DOC-POL-000103,CUST-0038,POL-000103,,policy_summary,Home Insurance Policy POL-000103 for Winter Walker,"POLICY SUMMARY DOCUMENT
=======================

Policy Number: POL-000103
Policy Type: Home Insurance
Policyholder: Winter Walker (CUST-0038)
Address: 126 Sycamore Ct, Cincinnati, OH 45201

Effective Date: 2025-11-13
Expiration Date: 2026-11-13
Status: Active
Annual Premium: $1,506.69
Payment Frequency: Monthly

COVERAGES
---------
  - Dwelling: Limit $586,000.00, Deductible $4,300.00
  - Personal Property: Limit $138,000.00, Deductible $500.00

IMPORTANT NOTICES
-----------------
This policy is subject to all terms, conditions, and exclusions described in the full policy contract. Coverage limits represent the maximum amount payable per occurrence. Deductibles are the amount the policyholder must pay before coverage applies. Premium amounts are subject to change at renewal based on claims history, coverage changes, and applicable rate filings. Contact your agent for questions about your coverage.
",2025-11-08T00:00:00
DOC-POL-000104,CUST-0039,POL-000104,,policy_summary,Auto Insurance Policy POL-000104 for Kerry Howard,"POLICY SUMMARY DOCUMENT
=======================

Policy Number: POL-000104
Policy Type: Auto Insurance
Policyholder: Kerry Howard (CUST-0039)
Address: 987 Cedar Ct, Cincinnati, OH 45201

Effective Date: 2024-03-26
Expiration Date: 2027-05-12
Status: Active
Annual Premium: $1,331.42
Payment Frequency: Monthly

COVERAGES
---------
  - Liability: Limit $451,000.00, Deductible $0.00
  - Collision: Limit $57,000.00, Deductible $1,100.00

IMPORTANT NOTICES
-----------------
This policy is subject to all terms, conditions, and exclusions described in the full policy contract. Coverage limits represent the maximum amount payable per occurrence. Deductibles are the amount the policyholder must pay before coverage applies. Premium amounts are subject to change at renewal based on claims history, coverage changes, and applicable rate filings. Contact your agent for questions about your coverage.
",2024-03-21T00:00:00
DOC-POL-000105,CUST-0040,POL-000105,,policy_summary,Auto Insurance Policy POL-000105 for Spencer Baker,"POLICY SUMMARY DOCUMENT
=======================

Policy Number: POL-000105
Policy Type: Auto Insurance
Policyholder: Spencer Baker (CUST-0040)
Address: 369 Spruce Pl, Tampa, FL 33601

Effective Date: 2024-12-25
Expiration Date: 2027-02-01
Status: Active
Annual Premium: $1,956.02
Payment Frequency: Monthly

COVERAGES
---------
  - Liability: Limit $178,000.00, Deductible $0.00
  - Collision: Limit $35,000.00, Deductible $1,100.00
  - Comprehensive: Limit $31,000.00, Deductible $700.00

IMPORTANT NOTICES
-----------------
This policy is subject to all terms, conditions, and exclusions described in the full policy contract. Coverage limits represent the maximum amount payable per occurrence. Deductibles are the amount the policyholder must pay before coverage applies. Premium amounts are subject to change at renewal based on claims history, coverage changes, and applicable rate filings. Contact your agent for questions about your coverage.
",2024-12-20T00:00:00
DOC-POL-000106,CUST-0040,POL-000106,,policy_summary,Auto Insurance Policy POL-000106 for Spencer Baker,"POLICY SUMMARY DOCUMENT
=======================

Policy Number: POL-000106
Policy Type: Auto Insurance
Policyholder: Spencer Baker (CUST-0040)
Address: 369 Spruce Pl, Tampa, FL 33601

Effective Date: 2025-05-02
Expiration Date: 2026-05-02
Status: Cancelled
Annual Premium: $1,921.64
Payment Frequency: Monthly

COVERAGES
---------
  - Liability: Limit $237,000.00, Deductible $0.00
  - Collision: Limit $58,000.00, Deductible $1,100.00

IMPORTANT NOTICES
-----------------
This policy is subject to all terms, conditions, and exclusions described in the full policy contract. Coverage limits represent the maximum amount payable per occurrence. Deductibles are the amount the policyholder must pay before coverage applies. Premium amounts are subject to change at renewal based on claims history, coverage changes, and applicable rate filings. Contact your agent for questions about your coverage.
",2025-04-27T00:00:00
DOC-POL-000107,CUST-0040,POL-000107,,policy_summary,Auto Insurance Policy POL-000107 for Spencer Baker,"POLICY SUMMARY DOCUMENT
=======================

Policy Number: POL-000107
Policy Type: Auto Insurance
Policyholder: Spencer Baker (CUST-0040)
Address: 369 Spruce Pl, Tampa, FL 33601

Effective Date: 2025-12-25
Expiration Date: 2026-12-25
Status: Active
Annual Premium: $1,895.00
Payment Frequency: Quarterly

COVERAGES
---------
  - Liability: Limit $422,000.00, Deductible $0.00
  - Collision: Limit $28,000.00, Deductible $1,800.00

IMPORTANT NOTICES
-----------------
This policy is subject to all terms, conditions, and exclusions described in the full policy contract. Coverage limits represent the maximum amount payable per occurrence. Deductibles are the amount the policyholder must pay before coverage applies. Premium amounts are subject to change at renewal based on claims history, coverage changes, and applicable rate filings. Contact your agent for questions about your coverage.
",2025-12-20T00:00:00
DOC-POL-000108,CUST-0041,POL-000108,,policy_summary,Umbrella Insurance Policy POL-000108 for Val Perez,"POLICY SUMMARY DOCUMENT
=======================

Policy Number: POL-000108
Policy Type: Umbrella Insurance
Policyholder: Val Perez (CUST-0041)
Address: 258 Walnut Blvd, Indianapolis, IN 46201

Effective Date: 2025-02-09
Expiration Date: 2026-12-21
Status: Active
Annual Premium: $570.59
Payment Frequency: Semi Annual

COVERAGES
---------
  - Umbrella Excess: Limit $3,001,000.00, Deductible $0.00

IMPORTANT NOTICES
-----------------
This policy is subject to all terms, conditions, and exclusions described in the full policy contract. Coverage limits represent the maximum amount payable per occurrence. Deductibles are the amount the policyholder must pay before coverage applies. Premium amounts are subject to change at renewal based on claims history, coverage changes, and applicable rate filings. Contact your agent for questions about your coverage.
",2025-02-04T00:00:00
DOC-POL-000109,CUST-0041,POL-000109,,policy_summary,Umbrella Insurance Policy POL-000109 for Val Perez,"POLICY SUMMARY DOCUMENT
=======================

Policy Number: POL-000109
Policy Type: Umbrella Insurance
Policyholder: Val Perez (CUST-0041)
Address: 258 Walnut Blvd, Indianapolis, IN 46201

Effective Date: 2024-11-06
Expiration Date: 2026-12-12
Status: Active
Annual Premium: $338.90
Payment Frequency: Annual

COVERAGES
---------
  - Umbrella Excess: Limit $2,119,000.00, Deductible $0.00

IMPORTANT NOTICES
-----------------
This policy is subject to all terms, conditions, and exclusions described in the full policy contract. Coverage limits represent the maximum amount payable per occurrence. Deductibles are the amount the policyholder must pay before coverage applies. Premium amounts are subject to change at renewal based on claims history, coverage changes, and applicable rate filings. Contact your agent for questions about your coverage.
",2024-11-01T00:00:00
DOC-POL-000110,CUST-0042,POL-000110,,policy_summary,Umbrella Insurance Policy POL-000110 for Kendall Davis,"POLICY SUMMARY DOCUMENT
=======================

Policy Number: POL-000110
Policy Type: Umbrella Insurance
Policyholder: Kendall Davis (CUST-0042)
Address: 987 Cedar Ct, San Diego, CA 92101

Effective Date: 2025-06-10
Expiration Date: 2027-02-27
Status: Active
Annual Premium: $404.18
Payment Frequency: Monthly

COVERAGES
---------
  - Umbrella Excess: Limit $2,916,000.00, Deductible $0.00

IMPORTANT NOTICES
-----------------
This policy is subject to all terms, conditions, and exclusions described in the full policy contract. Coverage limits represent the maximum amount payable per occurrence. Deductibles are the amount the policyholder must pay before coverage applies. Premium amounts are subject to change at renewal based on claims history, coverage changes, and applicable rate filings. Contact your agent for questions about your coverage.
",2025-06-05T00:00:00
DOC-POL-000111,CUST-0042,POL-000111,,policy_summary,Renters Insurance Policy POL-000111 for Kendall Davis,"POLICY SUMMARY DOCUMENT
=======================

Policy Number: POL-000111
Policy Type: Renters Insurance
Policyholder: Kendall Davis (CUST-0042)
Address: 987 Cedar Ct, San Diego, CA 92101

Effective Date: 2024-06-24
Expiration Date: 2025-06-24
Status: Cancelled
Annual Premium: $488.16
Payment Frequency: Monthly

COVERAGES
---------
  - Personal Property: Limit $132,000.00, Deductible $1,000.00
  - Liability: Limit $151,000.00, Deductible $0.00

IMPORTANT NOTICES
-----------------
This policy is subject to all terms, conditions, and exclusions described in the full policy contract. Coverage limits represent the maximum amount payable per occurrence. Deductibles are the amount the policyholder must pay before coverage applies. Premium amounts are subject to change at renewal based on claims history, coverage changes, and applicable rate filings. Contact your agent for questions about your coverage.
",2024-06-19T00:00:00
DOC-POL-000112,CUST-0042,POL-000112,,policy_summary,Auto Insurance Policy POL-000112 for Kendall Davis,"POLICY SUMMARY DOCUMENT
=======================

Policy Number: POL-000112
Policy Type: Auto Insurance
Policyholder: Kendall Davis (CUST-0042)
Address: 987 Cedar Ct, San Diego, CA 92101

Effective Date: 2025-10-07
Expiration Date: 2026-10-07
Status: Active
Annual Premium: $882.66
Payment Frequency: Monthly

COVERAGES
---------
  - Liability: Limit $401,000.00, Deductible $0.00
  - Collision: Limit $57,000.00, Deductible $1,100.00

IMPORTANT NOTICES
-----------------
This policy is subject to all terms, conditions, and exclusions described in the full policy contract. Coverage limits represent the maximum amount payable per occurrence. Deductibles are the amount the policyholder must pay before coverage applies. Premium amounts are subject to change at renewal based on claims history, coverage changes, and applicable rate filings. Contact your agent for questions about your coverage.
",2025-10-02T00:00:00
DOC-POL-000113,CUST-0042,POL-000113,,policy_summary,Renters Insurance Policy POL-000113 for Kendall Davis,"POLICY SUMMARY DOCUMENT
=======================

Policy Number: POL-000113
Policy Type: Renters Insurance
Policyholder: Kendall Davis (CUST-0042)
Address: 987 Cedar Ct, San Diego, CA 92101

Effective Date: 2024-02-23
Expiration Date: 2027-05-29
Status: Active
Annual Premium: $472.44
Payment Frequency: Monthly

COVERAGES
---------
  - Personal Property: Limit $64,000.00, Deductible $900.00
  - Liability: Limit $123,000.00, Deductible $0.00

IMPORTANT NOTICES
-----------------
This policy is subject to all terms, conditions, and exclusions described in the full policy contract. Coverage limits represent the maximum amount payable per occurrence. Deductibles are the amount the policyholder must pay before coverage applies. Premium amounts are subject to change at renewal based on claims history, coverage changes, and applicable rate filings. Contact your agent for questions about your coverage.
",2024-02-18T00:00:00
DOC-POL-000114,CUST-0043,POL-000114,,policy_summary,Home Insurance Policy POL-000114 for Harper Collins,"POLICY SUMMARY DOCUMENT
=======================

Policy Number: POL-000114
Policy Type: Home Insurance
Policyholder: Harper Collins (CUST-0043)
Address: 456 Oak Ave, San Diego, CA 92101

Effective Date: 2024-05-15
Expiration Date: 2025-05-15
Status: Cancelled
Annual Premium: $2,256.72
Payment Frequency: Monthly

COVERAGES
---------
  - Dwelling: Limit $550,000.00, Deductible $4,100.00
  - Personal Property: Limit $64,000.00, Deductible $500.00
  - Liability: Limit $179,000.00, Deductible $0.00

IMPORTANT NOTICES
-----------------
This policy is subject to all terms, conditions, and exclusions described in the full policy contract. Coverage limits represent the maximum amount payable per occurrence. Deductibles are the amount the policyholder must pay before coverage applies. Premium amounts are subject to change at renewal based on claims history, coverage changes, and applicable rate filings. Contact your agent for questions about your coverage.
",2024-05-10T00:00:00
DOC-POL-000115,CUST-0043,POL-000115,,policy_summary,Home Insurance Policy POL-000115 for Harper Collins,"POLICY SUMMARY DOCUMENT
=======================

Policy Number: POL-000115
Policy Type: Home Insurance
Policyholder: Harper Collins (CUST-0043)
Address: 456 Oak Ave, San Diego, CA 92101

Effective Date: 2025-05-26
Expiration Date: 2027-04-13
Status: Active
Annual Premium: $2,162.52
Payment Frequency: Monthly

COVERAGES
---------
  - Dwelling: Limit $719,000.00, Deductible $2,800.00
  - Personal Property: Limit $185,000.00, Deductible $1,300.00

IMPORTANT NOTICES
-----------------
This policy is subject to all terms, conditions, and exclusions described in the full policy contract. Coverage limits represent the maximum amount payable per occurrence. Deductibles are the amount the policyholder must pay before coverage applies. Premium amounts are subject to change at renewal based on claims history, coverage changes, and applicable rate filings. Contact your agent for questions about your coverage.
",2025-05-21T00:00:00
DOC-POL-000116,CUST-0043,POL-000116,,policy_summary,Auto Insurance Policy POL-000116 for Harper Collins,"POLICY SUMMARY DOCUMENT
=======================

Policy Number: POL-000116
Policy Type: Auto Insurance
Policyholder: Harper Collins (CUST-0043)
Address: 456 Oak Ave, San Diego, CA 92101

Effective Date: 2025-07-19
Expiration Date: 2026-07-19
Status: Renewed
Annual Premium: $865.19
Payment Frequency: Semi Annual

COVERAGES
---------
  - Liability: Limit $395,000.00, Deductible $0.00
  - Collision: Limit $57,000.00, Deductible $1,400.00

IMPORTANT NOTICES
-----------------
This policy is subject to all terms, conditions, and exclusions described in the full policy contract. Coverage limits represent the maximum amount payable per occurrence. Deductibles are the amount the policyholder must pay before coverage applies. Premium amounts are subject to change at renewal based on claims history, coverage changes, and applicable rate filings. Contact your agent for questions about your coverage.
",2025-07-14T00:00:00
DOC-POL-000117,CUST-0044,POL-000117,,policy_summary,Umbrella Insurance Policy POL-000117 for Jules Parker,"POLICY SUMMARY DOCUMENT
=======================

Policy Number: POL-000117
Policy Type: Umbrella Insurance
Policyholder: Jules Parker (CUST-0044)
Address: 789 Elm Dr, Indianapolis, IN 46201

Effective Date: 2025-06-16
Expiration Date: 2027-04-24
Status: Active
Annual Premium: $484.84
Payment Frequency: Semi Annual

COVERAGES
---------
  - Umbrella Excess: Limit $4,284,000.00, Deductible $0.00

IMPORTANT NOTICES
-----------------
This policy is subject to all terms, conditions, and exclusions described in the full policy contract. Coverage limits represent the maximum amount payable per occurrence. Deductibles are the amount the policyholder must pay before coverage applies. Premium amounts are subject to change at renewal based on claims history, coverage changes, and applicable rate filings. Contact your agent for questions about your coverage.
",2025-06-11T00:00:00
DOC-POL-000118,CUST-0044,POL-000118,,policy_summary,Home Insurance Policy POL-000118 for Jules Parker,"POLICY SUMMARY DOCUMENT
=======================

Policy Number: POL-000118
Policy Type: Home Insurance
Policyholder: Jules Parker (CUST-0044)
Address: 789 Elm Dr, Indianapolis, IN 46201

Effective Date: 2025-05-30
Expiration Date: 2026-05-30
Status: Renewed
Annual Premium: $2,311.46
Payment Frequency: Monthly

COVERAGES
---------
  - Dwelling: Limit $251,000.00, Deductible $1,400.00
  - Personal Property: Limit $120,000.00, Deductible $1,600.00

IMPORTANT NOTICES
-----------------
This policy is subject to all terms, conditions, and exclusions described in the full policy contract. Coverage limits represent the maximum amount payable per occurrence. Deductibles are the amount the policyholder must pay before coverage applies. Premium amounts are subject to change at renewal based on claims history, coverage changes, and applicable rate filings. Contact your agent for questions about your coverage.
",2025-05-25T00:00:00
DOC-POL-000119,CUST-0044,POL-000119,,policy_summary,Renters Insurance Policy POL-000119 for Jules Parker,"POLICY SUMMARY DOCUMENT
=======================

Policy Number: POL-000119
Policy Type: Renters Insurance
Policyholder: Jules Parker (CUST-0044)
Address: 789 Elm Dr, Indianapolis, IN 46201

Effective Date: 2025-05-14
Expiration Date: 2026-12-02
Status: Active
Annual Premium: $529.87
Payment Frequency: Monthly

COVERAGES
---------
  - Personal Property: Limit $153,000.00, Deductible $1,500.00
  - Liability: Limit $285,000.00, Deductible $0.00

IMPORTANT NOTICES
-----------------
This policy is subject to all terms, conditions, and exclusions described in the full policy contract. Coverage limits represent the maximum amount payable per occurrence. Deductibles are the amount the policyholder must pay before coverage applies. Premium amounts are subject to change at renewal based on claims history, coverage changes, and applicable rate filings. Contact your agent for questions about your coverage.
",2025-05-09T00:00:00
DOC-POL-000120,CUST-0045,POL-000120,,policy_summary,Home Insurance Policy POL-000120 for Adrian Morgan,"POLICY SUMMARY DOCUMENT
=======================

Policy Number: POL-000120
Policy Type: Home Insurance
Policyholder: Adrian Morgan (CUST-0045)
Address: 582 Willow Ave, Nashville, TN 37201

Effective Date: 2024-05-03
Expiration Date: 2027-03-10
Status: Active
Annual Premium: $2,308.48
Payment Frequency: Semi Annual

COVERAGES
---------
  - Dwelling: Limit $599,000.00, Deductible $4,500.00
  - Personal Property: Limit $136,000.00, Deductible $1,200.00
  - Liability: Limit $465,000.00, Deductible $0.00

IMPORTANT NOTICES
-----------------
This policy is subject to all terms, conditions, and exclusions described in the full policy contract. Coverage limits represent the maximum amount payable per occurrence. Deductibles are the amount the policyholder must pay before coverage applies. Premium amounts are subject to change at renewal based on claims history, coverage changes, and applicable rate filings. Contact your agent for questions about your coverage.
",2024-04-28T00:00:00
DOC-POL-000121,CUST-0045,POL-000121,,policy_summary,Auto Insurance Policy POL-000121 for Adrian Morgan,"POLICY SUMMARY DOCUMENT
=======================

Policy Number: POL-000121
Policy Type: Auto Insurance
Policyholder: Adrian Morgan (CUST-0045)
Address: 582 Willow Ave, Nashville, TN 37201

Effective Date: 2025-03-28
Expiration Date: 2027-03-13
Status: Active
Annual Premium: $1,521.97
Payment Frequency: Annual

COVERAGES
---------
  - Liability: Limit $447,000.00, Deductible $0.00
  - Collision: Limit $38,000.00, Deductible $800.00

IMPORTANT NOTICES
-----------------
This policy is subject to all terms, conditions, and exclusions described in the full policy contract. Coverage limits represent the maximum amount payable per occurrence. Deductibles are the amount the policyholder must pay before coverage applies. Premium amounts are subject to change at renewal based on claims history, coverage changes, and applicable rate filings. Contact your agent for questions about your coverage.
",2025-03-23T00:00:00
DOC-POL-000122,CUST-0045,POL-000122,,policy_summary,Auto Insurance Policy POL-000122 for Adrian Morgan,"POLICY SUMMARY DOCUMENT
=======================

Policy Number: POL-000122
Policy Type: Auto Insurance
Policyholder: Adrian Morgan (CUST-0045)
Address: 582 Willow Ave, Nashville, TN 37201

Effective Date: 2024-03-02
Expiration Date: 2027-01-02
Status: Active
Annual Premium: $1,482.44
Payment Frequency: Monthly

COVERAGES
---------
  - Liability: Limit $124,000.00, Deductible $0.00
  - Collision: Limit $51,000.00, Deductible $1,600.00
  - Comprehensive: Limit $66,000.00, Deductible $1,000.00

IMPORTANT NOTICES
-----------------
This policy is subject to all terms, conditions, and exclusions described in the full policy contract. Coverage limits represent the maximum amount payable per occurrence. Deductibles are the amount the policyholder must pay before coverage applies. Premium amounts are subject to change at renewal based on claims history, coverage changes, and applicable rate filings. Contact your agent for questions about your coverage.
",2024-02-26T00:00:00
DOC-POL-000123,CUST-0045,POL-000123,,policy_summary,Home Insurance Policy POL-000123 for Adrian Morgan,"POLICY SUMMARY DOCUMENT
=======================

Policy Number: POL-000123
Policy Type: Home Insurance
Policyholder: Adrian Morgan (CUST-0045)
Address: 582 Willow Ave, Nashville, TN 37201

Effective Date: 2024-03-15
Expiration Date: 2027-06-11
Status: Active
Annual Premium: $2,396.54
Payment Frequency: Monthly

COVERAGES
---------
  - Dwelling: Limit $443,000.00, Deductible $2,100.00
  - Personal Property: Limit $172,000.00, Deductible $2,100.00

IMPORTANT NOTICES
-----------------
This policy is subject to all terms, conditions, and exclusions described in the full policy contract. Coverage limits represent the maximum amount payable per occurrence. Deductibles are the amount the policyholder must pay before coverage applies. Premium amounts are subject to change at renewal based on claims history, coverage changes, and applicable rate filings. Contact your agent for questions about your coverage.
",2024-03-10T00:00:00
DOC-POL-000124,CUST-0046,POL-000124,,policy_summary,Home Insurance Policy POL-000124 for Micah Lewis,"POLICY SUMMARY DOCUMENT
=======================

Policy Number: POL-000124
Policy Type: Home Insurance
Policyholder: Micah Lewis (CUST-0046)
Address: 582 Willow Ave, Charlotte, NC 28201

Effective Date: 2024-06-26
Expiration Date: 2027-01-25
Status: Active
Annual Premium: $1,313.66
Payment Frequency: Monthly

COVERAGES
---------
  - Dwelling: Limit $496,000.00, Deductible $3,000.00
  - Personal Property: Limit $80,000.00, Deductible $1,500.00
  - Liability: Limit $429,000.00, Deductible $0.00

IMPORTANT NOTICES
-----------------
This policy is subject to all terms, conditions, and exclusions described in the full policy contract. Coverage limits represent the maximum amount payable per occurrence. Deductibles are the amount the policyholder must pay before coverage applies. Premium amounts are subject to change at renewal based on claims history, coverage changes, and applicable rate filings. Contact your agent for questions about your coverage.
",2024-06-21T00:00:00
DOC-POL-000125,CUST-0046,POL-000125,,policy_summary,Home Insurance Policy POL-000125 for Micah Lewis,"POLICY SUMMARY DOCUMENT
=======================

Policy Number: POL-000125
Policy Type: Home Insurance
Policyholder: Micah Lewis (CUST-0046)
Address: 582 Willow Ave, Charlotte, NC 28201

Effective Date: 2024-01-03
Expiration Date: 2027-02-14
Status: Active
Annual Premium: $2,609.60
Payment Frequency: Quarterly

COVERAGES
---------
  - Dwelling: Limit $564,000.00, Deductible $4,100.00
  - Personal Property: Limit $61,000.00, Deductible $1,800.00

IMPORTANT NOTICES
-----------------
This policy is subject to all terms, conditions, and exclusions described in the full policy contract. Coverage limits represent the maximum amount payable per occurrence. Deductibles are the amount the policyholder must pay before coverage applies. Premium amounts are subject to change at renewal based on claims history, coverage changes, and applicable rate filings. Contact your agent for questions about your coverage.
",2023-12-29T00:00:00
DOC-POL-000126,CUST-0046,POL-000126,,policy_summary,Auto Insurance Policy POL-000126 for Micah Lewis,"POLICY SUMMARY DOCUMENT
=======================

Policy Number: POL-000126
Policy Type: Auto Insurance
Policyholder: Micah Lewis (CUST-0046)
Address: 582 Willow Ave, Charlotte, NC 28201

Effective Date: 2025-01-24
Expiration Date: 2027-05-27
Status: Active
Annual Premium: $1,587.11
Payment Frequency: Quarterly

COVERAGES
---------
  - Liability: Limit $219,000.00, Deductible $0.00
  - Collision: Limit $57,000.00, Deductible $1,000.00
  - Comprehensive: Limit $60,000.00, Deductible $600.00

IMPORTANT NOTICES
-----------------
This policy is subject to all terms, conditions, and exclusions described in the full policy contract. Coverage limits represent the maximum amount payable per occurrence. Deductibles are the amount the policyholder must pay before coverage applies. Premium amounts are subject to change at renewal based on claims history, coverage changes, and applicable rate filings. Contact your agent for questions about your coverage.
",2025-01-19T00:00:00
DOC-POL-000127,CUST-0046,POL-000127,,policy_summary,Auto Insurance Policy POL-000127 for Micah Lewis,"POLICY SUMMARY DOCUMENT
=======================

Policy Number: POL-000127
Policy Type: Auto Insurance
Policyholder: Micah Lewis (CUST-0046)
Address: 582 Willow Ave, Charlotte, NC 28201

Effective Date: 2024-12-23
Expiration Date: 2027-05-23
Status: Active
Annual Premium: $941.19
Payment Frequency: Annual

COVERAGES
---------
  - Liability: Limit $162,000.00, Deductible $0.00
  - Collision: Limit $53,000.00, Deductible $500.00
  - Comprehensive: Limit $38,000.00, Deductible $900.00

IMPORTANT NOTICES
-----------------
This policy is subject to all terms, conditions, and exclusions described in the full policy contract. Coverage limits represent the maximum amount payable per occurrence. Deductibles are the amount the policyholder must pay before coverage applies. Premium amounts are subject to change at renewal based on claims history, coverage changes, and applicable rate filings. Contact your agent for questions about your coverage.
",2024-12-18T00:00:00
DOC-POL-000128,CUST-0047,POL-000128,,policy_summary,Auto Insurance Policy POL-000128 for Glenn Cooper,"POLICY SUMMARY DOCUMENT
=======================

Policy Number: POL-000128
Policy Type: Auto Insurance
Policyholder: Glenn Cooper (CUST-0047)
Address: 693 Poplar Dr, Minneapolis, MN 55401

Effective Date: 2024-01-01
Expiration Date: 2024-12-31
Status: Lapsed
Annual Premium: $1,467.99
Payment Frequency: Monthly

COVERAGES
---------
  - Liability: Limit $385,000.00, Deductible $0.00
  - Collision: Limit $33,000.00, Deductible $1,300.00
  - Comprehensive: Limit $58,000.00, Deductible $1,000.00

IMPORTANT NOTICES
-----------------
This policy is subject to all terms, conditions, and exclusions described in the full policy contract. Coverage limits represent the maximum amount payable per occurrence. Deductibles are the amount the policyholder must pay before coverage applies. Premium amounts are subject to change at renewal based on claims history, coverage changes, and applicable rate filings. Contact your agent for questions about your coverage.
",2023-12-27T00:00:00
DOC-POL-000129,CUST-0047,POL-000129,,policy_summary,Auto Insurance Policy POL-000129 for Glenn Cooper,"POLICY SUMMARY DOCUMENT
=======================

Policy Number: POL-000129
Policy Type: Auto Insurance
Policyholder: Glenn Cooper (CUST-0047)
Address: 693 Poplar Dr, Minneapolis, MN 55401

Effective Date: 2024-05-01
Expiration Date: 2026-12-11
Status: Active
Annual Premium: $1,582.13
Payment Frequency: Monthly

COVERAGES
---------
  - Liability: Limit $304,000.00, Deductible $0.00
  - Collision: Limit $34,000.00, Deductible $1,200.00
  - Comprehensive: Limit $49,000.00, Deductible $600.00

IMPORTANT NOTICES
-----------------
This policy is subject to all terms, conditions, and exclusions described in the full policy contract. Coverage limits represent the maximum amount payable per occurrence. Deductibles are the amount the policyholder must pay before coverage applies. Premium amounts are subject to change at renewal based on claims history, coverage changes, and applicable rate filings. Contact your agent for questions about your coverage.
",2024-04-26T00:00:00
DOC-POL-000130,CUST-0047,POL-000130,,policy_summary,Home Insurance Policy POL-000130 for Glenn Cooper,"POLICY SUMMARY DOCUMENT
=======================

Policy Number: POL-000130
Policy Type: Home Insurance
Policyholder: Glenn Cooper (CUST-0047)
Address: 693 Poplar Dr, Minneapolis, MN 55401

Effective Date: 2024-10-25
Expiration Date: 2026-11-12
Status: Active
Annual Premium: $2,775.65
Payment Frequency: Annual

COVERAGES
---------
  - Dwelling: Limit $417,000.00, Deductible $3,200.00
  - Personal Property: Limit $57,000.00, Deductible $1,800.00
  - Liability: Limit $415,000.00, Deductible $0.00

IMPORTANT NOTICES
-----------------
This policy is subject to all terms, conditions, and exclusions described in the full policy contract. Coverage limits represent the maximum amount payable per occurrence. Deductibles are the amount the policyholder must pay before coverage applies. Premium amounts are subject to change at renewal based on claims history, coverage changes, and applicable rate filings. Contact your agent for questions about your coverage.
",2024-10-20T00:00:00
DOC-POL-000131,CUST-0047,POL-000131,,policy_summary,Auto Insurance Policy POL-000131 for Glenn Cooper,"POLICY SUMMARY DOCUMENT
=======================

Policy Number: POL-000131
Policy Type: Auto Insurance
Policyholder: Glenn Cooper (CUST-0047)
Address: 693 Poplar Dr, Minneapolis, MN 55401

Effective Date: 2024-12-07
Expiration Date: 2026-10-03
Status: Active
Annual Premium: $972.44
Payment Frequency: Monthly

COVERAGES
---------
  - Liability: Limit $202,000.00, Deductible $0.00
  - Collision: Limit $61,000.00, Deductible $700.00

IMPORTANT NOTICES
-----------------
This policy is subject to all terms, conditions, and exclusions described in the full policy contract. Coverage limits represent the maximum amount payable per occurrence. Deductibles are the amount the policyholder must pay before coverage applies. Premium amounts are subject to change at renewal based on claims history, coverage changes, and applicable rate filings. Contact your agent for questions about your coverage.
",2024-12-02T00:00:00
DOC-POL-000132,CUST-0048,POL-000132,,policy_summary,Home Insurance Policy POL-000132 for Uri Bailey,"POLICY SUMMARY DOCUMENT
=======================

Policy Number: POL-000132
Policy Type: Home Insurance
Policyholder: Uri Bailey (CUST-0048)
Address: 348 Magnolia Blvd, Phoenix, AZ 85001

Effective Date: 2025-07-19
Expiration Date: 2027-06-02
Status: Active
Annual Premium: $1,334.68
Payment Frequency: Monthly

COVERAGES
---------
  - Dwelling: Limit $377,000.00, Deductible $2,100.00
  - Personal Property: Limit $174,000.00, Deductible $500.00

IMPORTANT NOTICES
-----------------
This policy is subject to all terms, conditions, and exclusions described in the full policy contract. Coverage limits represent the maximum amount payable per occurrence. Deductibles are the amount the policyholder must pay before coverage applies. Premium amounts are subject to change at renewal based on claims history, coverage changes, and applicable rate filings. Contact your agent for questions about your coverage.
",2025-07-14T00:00:00
DOC-POL-000133,CUST-0049,POL-000133,,policy_summary,Home Insurance Policy POL-000133 for Marlow Mitchell,"POLICY SUMMARY DOCUMENT
=======================

Policy Number: POL-000133
Policy Type: Home Insurance
Policyholder: Marlow Mitchell (CUST-0049)
Address: 126 Sycamore Ct, Springfield, IL 62701

Effective Date: 2025-07-06
Expiration Date: 2026-10-31
Status: Active
Annual Premium: $1,679.40
Payment Frequency: Quarterly

COVERAGES
---------
  - Dwelling: Limit $546,000.00, Deductible $3,600.00
  - Personal Property: Limit $104,000.00, Deductible $2,000.00

IMPORTANT NOTICES
-----------------
This policy is subject to all terms, conditions, and exclusions described in the full policy contract. Coverage limits represent the maximum amount payable per occurrence. Deductibles are the amount the policyholder must pay before coverage applies. Premium amounts are subject to change at renewal based on claims history, coverage changes, and applicable rate filings. Contact your agent for questions about your coverage.
",2025-07-01T00:00:00
DOC-POL-000134,CUST-0049,POL-000134,,policy_summary,Home Insurance Policy POL-000134 for Marlow Mitchell,"POLICY SUMMARY DOCUMENT
=======================

Policy Number: POL-000134
Policy Type: Home Insurance
Policyholder: Marlow Mitchell (CUST-0049)
Address: 126 Sycamore Ct, Springfield, IL 62701

Effective Date: 2026-01-10
Expiration Date: 2027-01-10
Status: Active
Annual Premium: $2,902.99
Payment Frequency: Monthly

COVERAGES
---------
  - Dwelling: Limit $428,000.00, Deductible $2,900.00
  - Personal Property: Limit $113,000.00, Deductible $1,000.00
  - Liability: Limit $307,000.00, Deductible $0.00

IMPORTANT NOTICES
-----------------
This policy is subject to all terms, conditions, and exclusions described in the full policy contract. Coverage limits represent the maximum amount payable per occurrence. Deductibles are the amount the policyholder must pay before coverage applies. Premium amounts are subject to change at renewal based on claims history, coverage changes, and applicable rate filings. Contact your agent for questions about your coverage.
",2026-01-05T00:00:00
DOC-POL-000135,CUST-0049,POL-000135,,policy_summary,Umbrella Insurance Policy POL-000135 for Marlow Mitchell,"POLICY SUMMARY DOCUMENT
=======================

Policy Number: POL-000135
Policy Type: Umbrella Insurance
Policyholder: Marlow Mitchell (CUST-0049)
Address: 126 Sycamore Ct, Springfield, IL 62701

Effective Date: 2023-10-19
Expiration Date: 2027-02-08
Status: Active
Annual Premium: $654.10
Payment Frequency: Quarterly

COVERAGES
---------
  - Umbrella Excess: Limit $4,108,000.00, Deductible $0.00

IMPORTANT NOTICES
-----------------
This policy is subject to all terms, conditions, and exclusions described in the full policy contract. Coverage limits represent the maximum amount payable per occurrence. Deductibles are the amount the policyholder must pay before coverage applies. Premium amounts are subject to change at renewal based on claims history, coverage changes, and applicable rate filings. Contact your agent for questions about your coverage.
",2023-10-14T00:00:00
DOC-POL-000136,CUST-0049,POL-000136,,policy_summary,Auto Insurance Policy POL-000136 for Marlow Mitchell,"POLICY SUMMARY DOCUMENT
=======================

Policy Number: POL-000136
Policy Type: Auto Insurance
Policyholder: Marlow Mitchell (CUST-0049)
Address: 126 Sycamore Ct, Springfield, IL 62701

Effective Date: 2025-08-20
Expiration Date: 2026-08-20
Status: Lapsed
Annual Premium: $1,409.72
Payment Frequency: Quarterly

COVERAGES
---------
  - Liability: Limit $333,000.00, Deductible $0.00
  - Collision: Limit $68,000.00, Deductible $1,500.00

IMPORTANT NOTICES
-----------------
This policy is subject to all terms, conditions, and exclusions described in the full policy contract. Coverage limits represent the maximum amount payable per occurrence. Deductibles are the amount the policyholder must pay before coverage applies. Premium amounts are subject to change at renewal based on claims history, coverage changes, and applicable rate filings. Contact your agent for questions about your coverage.
",2025-08-15T00:00:00
DOC-POL-000137,CUST-0050,POL-000137,,policy_summary,Auto Insurance Policy POL-000137 for Adrian Morris,"POLICY SUMMARY DOCUMENT
=======================

Policy Number: POL-000137
Policy Type: Auto Insurance
Policyholder: Adrian Morris (CUST-0050)
Address: 789 Elm Dr, Denver, CO 80201

Effective Date: 2025-10-01
Expiration Date: 2026-10-01
Status: Active
Annual Premium: $1,007.35
Payment Frequency: Monthly

COVERAGES
---------
  - Liability: Limit $253,000.00, Deductible $0.00
  - Collision: Limit $37,000.00, Deductible $1,400.00
  - Comprehensive: Limit $42,000.00, Deductible $800.00

IMPORTANT NOTICES
-----------------
This policy is subject to all terms, conditions, and exclusions described in the full policy contract. Coverage limits represent the maximum amount payable per occurrence. Deductibles are the amount the policyholder must pay before coverage applies. Premium amounts are subject to change at renewal based on claims history, coverage changes, and applicable rate filings. Contact your agent for questions about your coverage.
",2025-09-26T00:00:00
DOC-POL-000138,CUST-0050,POL-000138,,policy_summary,Renters Insurance Policy POL-000138 for Adrian Morris,"POLICY SUMMARY DOCUMENT
=======================

Policy Number: POL-000138
Policy Type: Renters Insurance
Policyholder: Adrian Morris (CUST-0050)
Address: 789 Elm Dr, Denver, CO 80201

Effective Date: 2025-09-19
Expiration Date: 2026-09-19
Status: Active
Annual Premium: $653.35
Payment Frequency: Monthly

COVERAGES
---------
  - Personal Property: Limit $157,000.00, Deductible $1,400.00
  - Liability: Limit $185,000.00, Deductible $0.00

IMPORTANT NOTICES
-----------------
This policy is subject to all terms, conditions, and exclusions described in the full policy contract. Coverage limits represent the maximum amount payable per occurrence. Deductibles are the amount the policyholder must pay before coverage applies. Premium amounts are subject to change at renewal based on claims history, coverage changes, and applicable rate filings. Contact your agent for questions about your coverage.
",2025-09-14T00:00:00
DOC-POL-000139,CUST-0050,POL-000139,,policy_summary,Home Insurance Policy POL-000139 for Adrian Morris,"POLICY SUMMARY DOCUMENT
=======================

Policy Number: POL-000139
Policy Type: Home Insurance
Policyholder: Adrian Morris (CUST-0050)
Address: 789 Elm Dr, Denver, CO 80201

Effective Date: 2024-10-04
Expiration Date: 2025-10-04
Status: Cancelled
Annual Premium: $1,321.51
Payment Frequency: Semi Annual

COVERAGES
---------
  - Dwelling: Limit $489,000.00, Deductible $4,400.00
  - Personal Property: Limit $138,000.00, Deductible $1,100.00
  - Liability: Limit $301,000.00, Deductible $0.00

IMPORTANT NOTICES
-----------------
This policy is subject to all terms, conditions, and exclusions described in the full policy contract. Coverage limits represent the maximum amount payable per occurrence. Deductibles are the amount the policyholder must pay before coverage applies. Premium amounts are subject to change at renewal based on claims history, coverage changes, and applicable rate filings. Contact your agent for questions about your coverage.
",2024-09-29T00:00:00
DOC-POL-000140,CUST-0050,POL-000140,,policy_summary,Home Insurance Policy POL-000140 for Adrian Morris,"POLICY SUMMARY DOCUMENT
=======================

Policy Number: POL-000140
Policy Type: Home Insurance
Policyholder: Adrian Morris (CUST-0050)
Address: 789 Elm Dr, Denver, CO 80201

Effective Date: 2024-10-18
Expiration Date: 2026-10-23
Status: Active
Annual Premium: $1,968.54
Payment Frequency: Monthly

COVERAGES
---------
  - Dwelling: Limit $286,000.00, Deductible $2,000.00
  - Personal Property: Limit $81,000.00, Deductible $1,200.00

IMPORTANT NOTICES
-----------------
This policy is subject to all terms, conditions, and exclusions described in the full policy contract. Coverage limits represent the maximum amount payable per occurrence. Deductibles are the amount the policyholder must pay before coverage applies. Premium amounts are subject to change at renewal based on claims history, coverage changes, and applicable rate filings. Contact your agent for questions about your coverage.
",2024-10-13T00:00:00
DOC-POL-000141,CUST-0051,POL-000141,,policy_summary,Umbrella Insurance Policy POL-000141 for Harper Green,"POLICY SUMMARY DOCUMENT
=======================

Policy Number: POL-000141
Policy Type: Umbrella Insurance
Policyholder: Harper Green (CUST-0051)
Address: 915 Hickory Ln, Portland, OR 97201

Effective Date: 2024-03-10
Expiration Date: 2026-12-09
Status: Active
Annual Premium: $352.30
Payment Frequency: Semi Annual

COVERAGES
---------
  - Umbrella Excess: Limit $4,393,000.00, Deductible $0.00

IMPORTANT NOTICES
-----------------
This policy is subject to all terms, conditions, and exclusions described in the full policy contract. Coverage limits represent the maximum amount payable per occurrence. Deductibles are the amount the policyholder must pay before coverage applies. Premium amounts are subject to change at renewal based on claims history, coverage changes, and applicable rate filings. Contact your agent for questions about your coverage.
",2024-03-05T00:00:00
DOC-POL-000142,CUST-0051,POL-000142,,policy_summary,Home Insurance Policy POL-000142 for Harper Green,"POLICY SUMMARY DOCUMENT
=======================

Policy Number: POL-000142
Policy Type: Home Insurance
Policyholder: Harper Green (CUST-0051)
Address: 915 Hickory Ln, Portland, OR 97201

Effective Date: 2024-12-06
Expiration Date: 2027-05-29
Status: Active
Annual Premium: $1,712.23
Payment Frequency: Monthly

COVERAGES
---------
  - Dwelling: Limit $246,000.00, Deductible $4,400.00
  - Personal Property: Limit $101,000.00, Deductible $700.00
  - Liability: Limit $436,000.00, Deductible $0.00

IMPORTANT NOTICES
-----------------
This policy is subject to all terms, conditions, and exclusions described in the full policy contract. Coverage limits represent the maximum amount payable per occurrence. Deductibles are the amount the policyholder must pay before coverage applies. Premium amounts are subject to change at renewal based on claims history, coverage changes, and applicable rate filings. Contact your agent for questions about your coverage.
",2024-12-01T00:00:00
DOC-POL-000143,CUST-0052,POL-000143,,policy_summary,Auto Insurance Policy POL-000143 for Lane Nelson,"POLICY SUMMARY DOCUMENT
=======================

Policy Number: POL-000143
Policy Type: Auto Insurance
Policyholder: Lane Nelson (CUST-0052)
Address: 693 Poplar Dr, Indianapolis, IN 46201

Effective Date: 2025-12-22
Expiration Date: 2026-12-22
Status: Renewed
Annual Premium: $1,038.24
Payment Frequency: Monthly

COVERAGES
---------
  - Liability: Limit $452,000.00, Deductible $0.00
  - Collision: Limit $46,000.00, Deductible $900.00
  - Comprehensive: Limit $58,000.00, Deductible $1,000.00

IMPORTANT NOTICES
-----------------
This policy is subject to all terms, conditions, and exclusions described in the full policy contract. Coverage limits represent the maximum amount payable per occurrence. Deductibles are the amount the policyholder must pay before coverage applies. Premium amounts are subject to change at renewal based on claims history, coverage changes, and applicable rate filings. Contact your agent for questions about your coverage.
",2025-12-17T00:00:00
DOC-POL-000144,CUST-0052,POL-000144,,policy_summary,Auto Insurance Policy POL-000144 for Lane Nelson,"POLICY SUMMARY DOCUMENT
=======================

Policy Number: POL-000144
Policy Type: Auto Insurance
Policyholder: Lane Nelson (CUST-0052)
Address: 693 Poplar Dr, Indianapolis, IN 46201

Effective Date: 2024-06-11
Expiration Date: 2026-12-28
Status: Active
Annual Premium: $1,873.70
Payment Frequency: Monthly

COVERAGES
---------
  - Liability: Limit $396,000.00, Deductible $0.00
  - Collision: Limit $30,000.00, Deductible $800.00
  - Comprehensive: Limit $46,000.00, Deductible $900.00

IMPORTANT NOTICES
-----------------
This policy is subject to all terms, conditions, and exclusions described in the full policy contract. Coverage limits represent the maximum amount payable per occurrence. Deductibles are the amount the policyholder must pay before coverage applies. Premium amounts are subject to change at renewal based on claims history, coverage changes, and applicable rate filings. Contact your agent for questions about your coverage.
",2024-06-06T00:00:00
DOC-POL-000145,CUST-0052,POL-000145,,policy_summary,Auto Insurance Policy POL-000145 for Lane Nelson,"POLICY SUMMARY DOCUMENT
=======================

Policy Number: POL-000145
Policy Type: Auto Insurance
Policyholder: Lane Nelson (CUST-0052)
Address: 693 Poplar Dr, Indianapolis, IN 46201

Effective Date: 2024-07-12
Expiration Date: 2026-11-01
Status: Active
Annual Premium: $1,270.95
Payment Frequency: Monthly

COVERAGES
---------
  - Liability: Limit $154,000.00, Deductible $0.00
  - Collision: Limit $50,000.00, Deductible $700.00

IMPORTANT NOTICES
-----------------
This policy is subject to all terms, conditions, and exclusions described in the full policy contract. Coverage limits represent the maximum amount payable per occurrence. Deductibles are the amount the policyholder must pay before coverage applies. Premium amounts are subject to change at renewal based on claims history, coverage changes, and applicable rate filings. Contact your agent for questions about your coverage.
",2024-07-07T00:00:00
DOC-POL-000146,CUST-0052,POL-000146,,policy_summary,Auto Insurance Policy POL-000146 for Lane Nelson,"POLICY SUMMARY DOCUMENT
=======================

Policy Number: POL-000146
Policy Type: Auto Insurance
Policyholder: Lane Nelson (CUST-0052)
Address: 693 Poplar Dr, Indianapolis, IN 46201

Effective Date: 2025-02-08
Expiration Date: 2026-11-17
Status: Active
Annual Premium: $1,705.74
Payment Frequency: Quarterly

COVERAGES
---------
  - Liability: Limit $466,000.00, Deductible $0.00
  - Collision: Limit $55,000.00, Deductible $1,100.00
  - Comprehensive: Limit $48,000.00, Deductible $800.00

IMPORTANT NOTICES
-----------------
This policy is subject to all terms, conditions, and exclusions described in the full policy contract. Coverage limits represent the maximum amount payable per occurrence. Deductibles are the amount the policyholder must pay before coverage applies. Premium amounts are subject to change at renewal based on claims history, coverage changes, and applicable rate filings. Contact your agent for questions about your coverage.
",2025-02-03T00:00:00
DOC-POL-000147,CUST-0053,POL-000147,,policy_summary,Renters Insurance Policy POL-000147 for Kendall Young,"POLICY SUMMARY DOCUMENT
=======================

Policy Number: POL-000147
Policy Type: Renters Insurance
Policyholder: Kendall Young (CUST-0053)
Address: 582 Willow Ave, Columbus, OH 43201

Effective Date: 2025-03-28
Expiration Date: 2026-10-27
Status: Active
Annual Premium: $477.92
Payment Frequency: Annual

COVERAGES
---------
  - Personal Property: Limit $126,000.00, Deductible $2,100.00
  - Liability: Limit $472,000.00, Deductible $0.00

IMPORTANT NOTICES
-----------------
This policy is subject to all terms, conditions, and exclusions described in the full policy contract. Coverage limits represent the maximum amount payable per occurrence. Deductibles are the amount the policyholder must pay before coverage applies. Premium amounts are subject to change at renewal based on claims history, coverage changes, and applicable rate filings. Contact your agent for questions about your coverage.
",2025-03-23T00:00:00
DOC-POL-000148,CUST-0054,POL-000148,,policy_summary,Auto Insurance Policy POL-000148 for Casey Ward,"POLICY SUMMARY DOCUMENT
=======================

Policy Number: POL-000148
Policy Type: Auto Insurance
Policyholder: Casey Ward (CUST-0054)
Address: 126 Sycamore Ct, Minneapolis, MN 55401

Effective Date: 2025-02-09
Expiration Date: 2027-03-20
Status: Active
Annual Premium: $1,300.62
Payment Frequency: Monthly

COVERAGES
---------
  - Liability: Limit $343,000.00, Deductible $0.00
  - Collision: Limit $40,000.00, Deductible $1,700.00
  - Comprehensive: Limit $30,000.00, Deductible $400.00

IMPORTANT NOTICES
-----------------
This policy is subject to all terms, conditions, and exclusions described in the full policy contract. Coverage limits represent the maximum amount payable per occurrence. Deductibles are the amount the policyholder must pay before coverage applies. Premium amounts are subject to change at renewal based on claims history, coverage changes, and applicable rate filings. Contact your agent for questions about your coverage.
",2025-02-04T00:00:00
DOC-POL-000149,CUST-0054,POL-000149,,policy_summary,Renters Insurance Policy POL-000149 for Casey Ward,"POLICY SUMMARY DOCUMENT
=======================

Policy Number: POL-000149
Policy Type: Renters Insurance
Policyholder: Casey Ward (CUST-0054)
Address: 126 Sycamore Ct, Minneapolis, MN 55401

Effective Date: 2024-01-27
Expiration Date: 2026-11-14
Status: Active
Annual Premium: $360.33
Payment Frequency: Monthly

COVERAGES
---------
  - Personal Property: Limit $131,000.00, Deductible $600.00
  - Liability: Limit $230,000.00, Deductible $0.00

IMPORTANT NOTICES
-----------------
This policy is subject to all terms, conditions, and exclusions described in the full policy contract. Coverage limits represent the maximum amount payable per occurrence. Deductibles are the amount the policyholder must pay before coverage applies. Premium amounts are subject to change at renewal based on claims history, coverage changes, and applicable rate filings. Contact your agent for questions about your coverage.
",2024-01-22T00:00:00
DOC-POL-000150,CUST-0055,POL-000150,,policy_summary,Home Insurance Policy POL-000150 for Micah Jones,"POLICY SUMMARY DOCUMENT
=======================

Policy Number: POL-000150
Policy Type: Home Insurance
Policyholder: Micah Jones (CUST-0055)
Address: 348 Magnolia Blvd, Minneapolis, MN 55401

Effective Date: 2024-07-28
Expiration Date: 2026-11-13
Status: Active
Annual Premium: $2,487.55
Payment Frequency: Annual

COVERAGES
---------
  - Dwelling: Limit $589,000.00, Deductible $1,400.00
  - Personal Property: Limit $129,000.00, Deductible $2,000.00
  - Liability: Limit $204,000.00, Deductible $0.00

IMPORTANT NOTICES
-----------------
This policy is subject to all terms, conditions, and exclusions described in the full policy contract. Coverage limits represent the maximum amount payable per occurrence. Deductibles are the amount the policyholder must pay before coverage applies. Premium amounts are subject to change at renewal based on claims history, coverage changes, and applicable rate filings. Contact your agent for questions about your coverage.
",2024-07-23T00:00:00
DOC-POL-000151,CUST-0055,POL-000151,,policy_summary,Home Insurance Policy POL-000151 for Micah Jones,"POLICY SUMMARY DOCUMENT
=======================

Policy Number: POL-000151
Policy Type: Home Insurance
Policyholder: Micah Jones (CUST-0055)
Address: 348 Magnolia Blvd, Minneapolis, MN 55401

Effective Date: 2024-01-01
Expiration Date: 2027-01-02
Status: Active
Annual Premium: $2,599.30
Payment Frequency: Quarterly

COVERAGES
---------
  - Dwelling: Limit $242,000.00, Deductible $4,100.00
  - Personal Property: Limit $101,000.00, Deductible $1,000.00

IMPORTANT NOTICES
-----------------
This policy is subject to all terms, conditions, and exclusions described in the full policy contract. Coverage limits represent the maximum amount payable per occurrence. Deductibles are the amount the policyholder must pay before coverage applies. Premium amounts are subject to change at renewal based on claims history, coverage changes, and applicable rate filings. Contact your agent for questions about your coverage.
",2023-12-27T00:00:00
DOC-POL-000152,CUST-0055,POL-000152,,policy_summary,Renters Insurance Policy POL-000152 for Micah Jones,"POLICY SUMMARY DOCUMENT
=======================

Policy Number: POL-000152
Policy Type: Renters Insurance
Policyholder: Micah Jones (CUST-0055)
Address: 348 Magnolia Blvd, Minneapolis, MN 55401

Effective Date: 2025-02-18
Expiration Date: 2027-05-20
Status: Active
Annual Premium: $585.36
Payment Frequency: Annual

COVERAGES
---------
  - Personal Property: Limit $99,000.00, Deductible $1,800.00
  - Liability: Limit $172,000.00, Deductible $0.00

IMPORTANT NOTICES
-----------------
This policy is subject to all terms, conditions, and exclusions described in the full policy contract. Coverage limits represent the maximum amount payable per occurrence. Deductibles are the amount the policyholder must pay before coverage applies. Premium amounts are subject to change at renewal based on claims history, coverage changes, and applicable rate filings. Contact your agent for questions about your coverage.
",2025-02-13T00:00:00
DOC-POL-000153,CUST-0056,POL-000153,,policy_summary,Auto Insurance Policy POL-000153 for Hayden Morris,"POLICY SUMMARY DOCUMENT
=======================

Policy Number: POL-000153
Policy Type: Auto Insurance
Policyholder: Hayden Morris (CUST-0056)
Address: 915 Hickory Ln, Denver, CO 80201

Effective Date: 2025-09-05
Expiration Date: 2026-09-05
Status: Active
Annual Premium: $1,526.69
Payment Frequency: Monthly

COVERAGES
---------
  - Liability: Limit $436,000.00, Deductible $0.00
  - Collision: Limit $41,000.00, Deductible $2,000.00
  - Comprehensive: Limit $32,000.00, Deductible $1,000.00

IMPORTANT NOTICES
-----------------
This policy is subject to all terms, conditions, and exclusions described in the full policy contract. Coverage limits represent the maximum amount payable per occurrence. Deductibles are the amount the policyholder must pay before coverage applies. Premium amounts are subject to change at renewal based on claims history, coverage changes, and applicable rate filings. Contact your agent for questions about your coverage.
",2025-08-31T00:00:00
DOC-POL-000154,CUST-0057,POL-000154,,policy_summary,Umbrella Insurance Policy POL-000154 for Cedar Collins,"POLICY SUMMARY DOCUMENT
=======================

Policy Number: POL-000154
Policy Type: Umbrella Insurance
Policyholder: Cedar Collins (CUST-0057)
Address: 369 Spruce Pl, Pittsburgh, PA 15201

Effective Date: 2025-09-14
Expiration Date: 2026-09-14
Status: Active
Annual Premium: $493.79
Payment Frequency: Quarterly

COVERAGES
---------
  - Umbrella Excess: Limit $1,831,000.00, Deductible $0.00

IMPORTANT NOTICES
-----------------
This policy is subject to all terms, conditions, and exclusions described in the full policy contract. Coverage limits represent the maximum amount payable per occurrence. Deductibles are the amount the policyholder must pay before coverage applies. Premium amounts are subject to change at renewal based on claims history, coverage changes, and applicable rate filings. Contact your agent for questions about your coverage.
",2025-09-09T00:00:00
DOC-POL-000155,CUST-0057,POL-000155,,policy_summary,Auto Insurance Policy POL-000155 for Cedar Collins,"POLICY SUMMARY DOCUMENT
=======================

Policy Number: POL-000155
Policy Type: Auto Insurance
Policyholder: Cedar Collins (CUST-0057)
Address: 369 Spruce Pl, Pittsburgh, PA 15201

Effective Date: 2024-11-09
Expiration Date: 2026-12-17
Status: Active
Annual Premium: $894.36
Payment Frequency: Quarterly

COVERAGES
---------
  - Liability: Limit $378,000.00, Deductible $0.00
  - Collision: Limit $26,000.00, Deductible $1,700.00
  - Comprehensive: Limit $70,000.00, Deductible $300.00

IMPORTANT NOTICES
-----------------
This policy is subject to all terms, conditions, and exclusions described in the full policy contract. Coverage limits represent the maximum amount payable per occurrence. Deductibles are the amount the policyholder must pay before coverage applies. Premium amounts are subject to change at renewal based on claims history, coverage changes, and applicable rate filings. Contact your agent for questions about your coverage.
",2024-11-04T00:00:00
DOC-POL-000156,CUST-0057,POL-000156,,policy_summary,Auto Insurance Policy POL-000156 for Cedar Collins,"POLICY SUMMARY DOCUMENT
=======================

Policy Number: POL-000156
Policy Type: Auto Insurance
Policyholder: Cedar Collins (CUST-0057)
Address: 369 Spruce Pl, Pittsburgh, PA 15201

Effective Date: 2025-03-02
Expiration Date: 2027-03-12
Status: Active
Annual Premium: $866.68
Payment Frequency: Monthly

COVERAGES
---------
  - Liability: Limit $212,000.00, Deductible $0.00
  - Collision: Limit $46,000.00, Deductible $1,900.00
  - Comprehensive: Limit $45,000.00, Deductible $900.00

IMPORTANT NOTICES
-----------------
This policy is subject to all terms, conditions, and exclusions described in the full policy contract. Coverage limits represent the maximum amount payable per occurrence. Deductibles are the amount the policyholder must pay before coverage applies. Premium amounts are subject to change at renewal based on claims history, coverage changes, and applicable rate filings. Contact your agent for questions about your coverage.
",2025-02-25T00:00:00
DOC-POL-000157,CUST-0057,POL-000157,,policy_summary,Renters Insurance Policy POL-000157 for Cedar Collins,"POLICY SUMMARY DOCUMENT
=======================

Policy Number: POL-000157
Policy Type: Renters Insurance
Policyholder: Cedar Collins (CUST-0057)
Address: 369 Spruce Pl, Pittsburgh, PA 15201

Effective Date: 2025-06-13
Expiration Date: 2026-06-13
Status: Renewed
Annual Premium: $308.86
Payment Frequency: Monthly

COVERAGES
---------
  - Personal Property: Limit $132,000.00, Deductible $1,300.00
  - Liability: Limit $296,000.00, Deductible $0.00

IMPORTANT NOTICES
-----------------
This policy is subject to all terms, conditions, and exclusions described in the full policy contract. Coverage limits represent the maximum amount payable per occurrence. Deductibles are the amount the policyholder must pay before coverage applies. Premium amounts are subject to change at renewal based on claims history, coverage changes, and applicable rate filings. Contact your agent for questions about your coverage.
",2025-06-08T00:00:00
DOC-POL-000158,CUST-0058,POL-000158,,policy_summary,Home Insurance Policy POL-000158 for Ray Nelson,"POLICY SUMMARY DOCUMENT
=======================

Policy Number: POL-000158
Policy Type: Home Insurance
Policyholder: Ray Nelson (CUST-0058)
Address: 561 Hawthorn St, San Diego, CA 92101

Effective Date: 2025-09-04
Expiration Date: 2026-09-04
Status: Active
Annual Premium: $1,538.08
Payment Frequency: Monthly

COVERAGES
---------
  - Dwelling: Limit $729,000.00, Deductible $3,600.00
  - Personal Property: Limit $64,000.00, Deductible $700.00
  - Liability: Limit $179,000.00, Deductible $0.00

IMPORTANT NOTICES
-----------------
This policy is subject to all terms, conditions, and exclusions described in the full policy contract. Coverage limits represent the maximum amount payable per occurrence. Deductibles are the amount the policyholder must pay before coverage applies. Premium amounts are subject to change at renewal based on claims history, coverage changes, and applicable rate filings. Contact your agent for questions about your coverage.
",2025-08-30T00:00:00
DOC-POL-000159,CUST-0058,POL-000159,,policy_summary,Auto Insurance Policy POL-000159 for Ray Nelson,"POLICY SUMMARY DOCUMENT
=======================

Policy Number: POL-000159
Policy Type: Auto Insurance
Policyholder: Ray Nelson (CUST-0058)
Address: 561 Hawthorn St, San Diego, CA 92101

Effective Date: 2024-06-09
Expiration Date: 2025-06-09
Status: Cancelled
Annual Premium: $1,855.24
Payment Frequency: Monthly

COVERAGES
---------
  - Liability: Limit $178,000.00, Deductible $0.00
  - Collision: Limit $37,000.00, Deductible $1,500.00

IMPORTANT NOTICES
-----------------
This policy is subject to all terms, conditions, and exclusions described in the full policy contract. Coverage limits represent the maximum amount payable per occurrence. Deductibles are the amount the policyholder must pay before coverage applies. Premium amounts are subject to change at renewal based on claims history, coverage changes, and applicable rate filings. Contact your agent for questions about your coverage.
",2024-06-04T00:00:00
DOC-POL-000160,CUST-0059,POL-000160,,policy_summary,Auto Insurance Policy POL-000160 for Jamie Walker,"POLICY SUMMARY DOCUMENT
=======================

Policy Number: POL-000160
Policy Type: Auto Insurance
Policyholder: Jamie Walker (CUST-0059)
Address: 459 Chestnut Pl, Minneapolis, MN 55401

Effective Date: 2024-04-07
Expiration Date: 2026-09-27
Status: Active
Annual Premium: $1,006.34
Payment Frequency: Monthly

COVERAGES
---------
  - Liability: Limit $167,000.00, Deductible $0.00
  - Collision: Limit $33,000.00, Deductible $1,400.00
  - Comprehensive: Limit $63,000.00, Deductible $900.00

IMPORTANT NOTICES
-----------------
This policy is subject to all terms, conditions, and exclusions described in the full policy contract. Coverage limits represent the maximum amount payable per occurrence. Deductibles are the amount the policyholder must pay before coverage applies. Premium amounts are subject to change at renewal based on claims history, coverage changes, and applicable rate filings. Contact your agent for questions about your coverage.
",2024-04-02T00:00:00
DOC-POL-000161,CUST-0060,POL-000161,,policy_summary,Umbrella Insurance Policy POL-000161 for Marlow Mitchell,"POLICY SUMMARY DOCUMENT
=======================

Policy Number: POL-000161
Policy Type: Umbrella Insurance
Policyholder: Marlow Mitchell (CUST-0060)
Address: 456 Oak Ave, Raleigh, NC 27601

Effective Date: 2024-06-09
Expiration Date: 2027-01-29
Status: Active
Annual Premium: $517.96
Payment Frequency: Monthly

COVERAGES
---------
  - Umbrella Excess: Limit $2,261,000.00, Deductible $0.00

IMPORTANT NOTICES
-----------------
This policy is subject to all terms, conditions, and exclusions described in the full policy contract. Coverage limits represent the maximum amount payable per occurrence. Deductibles are the amount the policyholder must pay before coverage applies. Premium amounts are subject to change at renewal based on claims history, coverage changes, and applicable rate filings. Contact your agent for questions about your coverage.
",2024-06-04T00:00:00
DOC-POL-000162,CUST-0060,POL-000162,,policy_summary,Auto Insurance Policy POL-000162 for Marlow Mitchell,"POLICY SUMMARY DOCUMENT
=======================

Policy Number: POL-000162
Policy Type: Auto Insurance
Policyholder: Marlow Mitchell (CUST-0060)
Address: 456 Oak Ave, Raleigh, NC 27601

Effective Date: 2025-04-29
Expiration Date: 2027-06-14
Status: Active
Annual Premium: $991.81
Payment Frequency: Semi Annual

COVERAGES
---------
  - Liability: Limit $249,000.00, Deductible $0.00
  - Collision: Limit $25,000.00, Deductible $1,800.00
  - Comprehensive: Limit $66,000.00, Deductible $800.00

IMPORTANT NOTICES
-----------------
This policy is subject to all terms, conditions, and exclusions described in the full policy contract. Coverage limits represent the maximum amount payable per occurrence. Deductibles are the amount the policyholder must pay before coverage applies. Premium amounts are subject to change at renewal based on claims history, coverage changes, and applicable rate filings. Contact your agent for questions about your coverage.
",2025-04-24T00:00:00
DOC-POL-000163,CUST-0060,POL-000163,,policy_summary,Renters Insurance Policy POL-000163 for Marlow Mitchell,"POLICY SUMMARY DOCUMENT
=======================

Policy Number: POL-000163
Policy Type: Renters Insurance
Policyholder: Marlow Mitchell (CUST-0060)
Address: 456 Oak Ave, Raleigh, NC 27601

Effective Date: 2024-10-25
Expiration Date: 2026-12-17
Status: Active
Annual Premium: $408.22
Payment Frequency: Monthly

COVERAGES
---------
  - Personal Property: Limit $59,000.00, Deductible $2,500.00
  - Liability: Limit $200,000.00, Deductible $0.00

IMPORTANT NOTICES
-----------------
This policy is subject to all terms, conditions, and exclusions described in the full policy contract. Coverage limits represent the maximum amount payable per occurrence. Deductibles are the amount the policyholder must pay before coverage applies. Premium amounts are subject to change at renewal based on claims history, coverage changes, and applicable rate filings. Contact your agent for questions about your coverage.
",2024-10-20T00:00:00
DOC-POL-000164,CUST-0061,POL-000164,,policy_summary,Auto Insurance Policy POL-000164 for Yael Howard,"POLICY SUMMARY DOCUMENT
=======================

Policy Number: POL-000164
Policy Type: Auto Insurance
Policyholder: Yael Howard (CUST-0061)
Address: 369 Spruce Pl, Indianapolis, IN 46201

Effective Date: 2024-06-30
Expiration Date: 2026-09-27
Status: Active
Annual Premium: $901.63
Payment Frequency: Monthly

COVERAGES
---------
  - Liability: Limit $151,000.00, Deductible $0.00
  - Collision: Limit $60,000.00, Deductible $1,800.00

IMPORTANT NOTICES
-----------------
This policy is subject to all terms, conditions, and exclusions described in the full policy contract. Coverage limits represent the maximum amount payable per occurrence. Deductibles are the amount the policyholder must pay before coverage applies. Premium amounts are subject to change at renewal based on claims history, coverage changes, and applicable rate filings. Contact your agent for questions about your coverage.
",2024-06-25T00:00:00
DOC-POL-000165,CUST-0061,POL-000165,,policy_summary,Auto Insurance Policy POL-000165 for Yael Howard,"POLICY SUMMARY DOCUMENT
=======================

Policy Number: POL-000165
Policy Type: Auto Insurance
Policyholder: Yael Howard (CUST-0061)
Address: 369 Spruce Pl, Indianapolis, IN 46201

Effective Date: 2024-09-20
Expiration Date: 2027-02-26
Status: Active
Annual Premium: $1,042.94
Payment Frequency: Semi Annual

COVERAGES
---------
  - Liability: Limit $108,000.00, Deductible $0.00
  - Collision: Limit $54,000.00, Deductible $1,200.00
  - Comprehensive: Limit $72,000.00, Deductible $300.00

IMPORTANT NOTICES
-----------------
This policy is subject to all terms, conditions, and exclusions described in the full policy contract. Coverage limits represent the maximum amount payable per occurrence. Deductibles are the amount the policyholder must pay before coverage applies. Premium amounts are subject to change at renewal based on claims history, coverage changes, and applicable rate filings. Contact your agent for questions about your coverage.
",2024-09-15T00:00:00
DOC-POL-000166,CUST-0061,POL-000166,,policy_summary,Auto Insurance Policy POL-000166 for Yael Howard,"POLICY SUMMARY DOCUMENT
=======================

Policy Number: POL-000166
Policy Type: Auto Insurance
Policyholder: Yael Howard (CUST-0061)
Address: 369 Spruce Pl, Indianapolis, IN 46201

Effective Date: 2024-08-17
Expiration Date: 2025-08-17
Status: Lapsed
Annual Premium: $933.17
Payment Frequency: Monthly

COVERAGES
---------
  - Liability: Limit $421,000.00, Deductible $0.00
  - Collision: Limit $61,000.00, Deductible $700.00

IMPORTANT NOTICES
-----------------
This policy is subject to all terms, conditions, and exclusions described in the full policy contract. Coverage limits represent the maximum amount payable per occurrence. Deductibles are the amount the policyholder must pay before coverage applies. Premium amounts are subject to change at renewal based on claims history, coverage changes, and applicable rate filings. Contact your agent for questions about your coverage.
",2024-08-12T00:00:00
DOC-POL-000167,CUST-0061,POL-000167,,policy_summary,Home Insurance Policy POL-000167 for Yael Howard,"POLICY SUMMARY DOCUMENT
=======================

Policy Number: POL-000167
Policy Type: Home Insurance
Policyholder: Yael Howard (CUST-0061)
Address: 369 Spruce Pl, Indianapolis, IN 46201

Effective Date: 2024-12-21
Expiration Date: 2027-02-07
Status: Active
Annual Premium: $2,853.69
Payment Frequency: Monthly

COVERAGES
---------
  - Dwelling: Limit $472,000.00, Deductible $2,700.00
  - Personal Property: Limit $188,000.00, Deductible $1,100.00

IMPORTANT NOTICES
-----------------
This policy is subject to all terms, conditions, and exclusions described in the full policy contract. Coverage limits represent the maximum amount payable per occurrence. Deductibles are the amount the policyholder must pay before coverage applies. Premium amounts are subject to change at renewal based on claims history, coverage changes, and applicable rate filings. Contact your agent for questions about your coverage.
",2024-12-16T00:00:00
DOC-POL-000168,CUST-0062,POL-000168,,policy_summary,Auto Insurance Policy POL-000168 for Pat Perez,"POLICY SUMMARY DOCUMENT
=======================

Policy Number: POL-000168
Policy Type: Auto Insurance
Policyholder: Pat Perez (CUST-0062)
Address: 693 Poplar Dr, Portland, OR 97201

Effective Date: 2026-01-29
Expiration Date: 2027-01-29
Status: Active
Annual Premium: $1,284.78
Payment Frequency: Quarterly

COVERAGES
---------
  - Liability: Limit $356,000.00, Deductible $0.00
  - Collision: Limit $45,000.00, Deductible $500.00
  - Comprehensive: Limit $37,000.00, Deductible $400.00

IMPORTANT NOTICES
-----------------
This policy is subject to all terms, conditions, and exclusions described in the full policy contract. Coverage limits represent the maximum amount payable per occurrence. Deductibles are the amount the policyholder must pay before coverage applies. Premium amounts are subject to change at renewal based on claims history, coverage changes, and applicable rate filings. Contact your agent for questions about your coverage.
",2026-01-24T00:00:00
DOC-POL-000169,CUST-0062,POL-000169,,policy_summary,Auto Insurance Policy POL-000169 for Pat Perez,"POLICY SUMMARY DOCUMENT
=======================

Policy Number: POL-000169
Policy Type: Auto Insurance
Policyholder: Pat Perez (CUST-0062)
Address: 693 Poplar Dr, Portland, OR 97201

Effective Date: 2025-11-30
Expiration Date: 2026-11-30
Status: Renewed
Annual Premium: $1,725.12
Payment Frequency: Monthly

COVERAGES
---------
  - Liability: Limit $287,000.00, Deductible $0.00
  - Collision: Limit $40,000.00, Deductible $1,500.00
  - Comprehensive: Limit $38,000.00, Deductible $300.00

IMPORTANT NOTICES
-----------------
This policy is subject to all terms, conditions, and exclusions described in the full policy contract. Coverage limits represent the maximum amount payable per occurrence. Deductibles are the amount the policyholder must pay before coverage applies. Premium amounts are subject to change at renewal based on claims history, coverage changes, and applicable rate filings. Contact your agent for questions about your coverage.
",2025-11-25T00:00:00
DOC-POL-000170,CUST-0062,POL-000170,,policy_summary,Home Insurance Policy POL-000170 for Pat Perez,"POLICY SUMMARY DOCUMENT
=======================

Policy Number: POL-000170
Policy Type: Home Insurance
Policyholder: Pat Perez (CUST-0062)
Address: 693 Poplar Dr, Portland, OR 97201

Effective Date: 2025-10-24
Expiration Date: 2026-10-24
Status: Active
Annual Premium: $2,157.23
Payment Frequency: Monthly

COVERAGES
---------
  - Dwelling: Limit $635,000.00, Deductible $2,400.00
  - Personal Property: Limit $120,000.00, Deductible $1,700.00
  - Liability: Limit $185,000.00, Deductible $0.00

IMPORTANT NOTICES
-----------------
This policy is subject to all terms, conditions, and exclusions described in the full policy contract. Coverage limits represent the maximum amount payable per occurrence. Deductibles are the amount the policyholder must pay before coverage applies. Premium amounts are subject to change at renewal based on claims history, coverage changes, and applicable rate filings. Contact your agent for questions about your coverage.
",2025-10-19T00:00:00
DOC-POL-000171,CUST-0062,POL-000171,,policy_summary,Home Insurance Policy POL-000171 for Pat Perez,"POLICY SUMMARY DOCUMENT
=======================

Policy Number: POL-000171
Policy Type: Home Insurance
Policyholder: Pat Perez (CUST-0062)
Address: 693 Poplar Dr, Portland, OR 97201

Effective Date: 2024-06-13
Expiration Date: 2027-03-13
Status: Active
Annual Premium: $2,817.95
Payment Frequency: Monthly

COVERAGES
---------
  - Dwelling: Limit $290,000.00, Deductible $1,900.00
  - Personal Property: Limit $161,000.00, Deductible $1,100.00

IMPORTANT NOTICES
-----------------
This policy is subject to all terms, conditions, and exclusions described in the full policy contract. Coverage limits represent the maximum amount payable per occurrence. Deductibles are the amount the policyholder must pay before coverage applies. Premium amounts are subject to change at renewal based on claims history, coverage changes, and applicable rate filings. Contact your agent for questions about your coverage.
",2024-06-08T00:00:00
DOC-POL-000172,CUST-0063,POL-000172,,policy_summary,Home Insurance Policy POL-000172 for Rowan Clark,"POLICY SUMMARY DOCUMENT
=======================

Policy Number: POL-000172
Policy Type: Home Insurance
Policyholder: Rowan Clark (CUST-0063)
Address: 321 Pine Rd, Salt Lake City, UT 84101

Effective Date: 2023-09-13
Expiration Date: 2026-09-10
Status: Active
Annual Premium: $1,261.43
Payment Frequency: Monthly

COVERAGES
---------
  - Dwelling: Limit $406,000.00, Deductible $4,900.00
  - Personal Property: Limit $92,000.00, Deductible $2,400.00
  - Liability: Limit $380,000.00, Deductible $0.00

IMPORTANT NOTICES
-----------------
This policy is subject to all terms, conditions, and exclusions described in the full policy contract. Coverage limits represent the maximum amount payable per occurrence. Deductibles are the amount the policyholder must pay before coverage applies. Premium amounts are subject to change at renewal based on claims history, coverage changes, and applicable rate filings. Contact your agent for questions about your coverage.
",2023-09-08T00:00:00
DOC-POL-000173,CUST-0063,POL-000173,,policy_summary,Home Insurance Policy POL-000173 for Rowan Clark,"POLICY SUMMARY DOCUMENT
=======================

Policy Number: POL-000173
Policy Type: Home Insurance
Policyholder: Rowan Clark (CUST-0063)
Address: 321 Pine Rd, Salt Lake City, UT 84101

Effective Date: 2025-11-12
Expiration Date: 2026-11-12
Status: Active
Annual Premium: $1,290.10
Payment Frequency: Monthly

COVERAGES
---------
  - Dwelling: Limit $252,000.00, Deductible $4,100.00
  - Personal Property: Limit $91,000.00, Deductible $1,300.00
  - Liability: Limit $385,000.00, Deductible $0.00

IMPORTANT NOTICES
-----------------
This policy is subject to all terms, conditions, and exclusions described in the full policy contract. Coverage limits represent the maximum amount payable per occurrence. Deductibles are the amount the policyholder must pay before coverage applies. Premium amounts are subject to change at renewal based on claims history, coverage changes, and applicable rate filings. Contact your agent for questions about your coverage.
",2025-11-07T00:00:00
DOC-POL-000174,CUST-0063,POL-000174,,policy_summary,Auto Insurance Policy POL-000174 for Rowan Clark,"POLICY SUMMARY DOCUMENT
=======================

Policy Number: POL-000174
Policy Type: Auto Insurance
Policyholder: Rowan Clark (CUST-0063)
Address: 321 Pine Rd, Salt Lake City, UT 84101

Effective Date: 2025-12-15
Expiration Date: 2026-12-15
Status: Active
Annual Premium: $1,024.93
Payment Frequency: Monthly

COVERAGES
---------
  - Liability: Limit $363,000.00, Deductible $0.00
  - Collision: Limit $55,000.00, Deductible $1,400.00

IMPORTANT NOTICES
-----------------
This policy is subject to all terms, conditions, and exclusions described in the full policy contract. Coverage limits represent the maximum amount payable per occurrence. Deductibles are the amount the policyholder must pay before coverage applies. Premium amounts are subject to change at renewal based on claims history, coverage changes, and applicable rate filings. Contact your agent for questions about your coverage.
",2025-12-10T00:00:00
DOC-POL-000175,CUST-0064,POL-000175,,policy_summary,Home Insurance Policy POL-000175 for Spencer Bailey,"POLICY SUMMARY DOCUMENT
=======================

Policy Number: POL-000175
Policy Type: Home Insurance
Policyholder: Spencer Bailey (CUST-0064)
Address: 789 Elm Dr, Cleveland, OH 44101

Effective Date: 2025-05-29
Expiration Date: 2026-12-12
Status: Active
Annual Premium: $1,925.62
Payment Frequency: Monthly

COVERAGES
---------
  - Dwelling: Limit $496,000.00, Deductible $1,300.00
  - Personal Property: Limit $61,000.00, Deductible $600.00

IMPORTANT NOTICES
-----------------
This policy is subject to all terms, conditions, and exclusions described in the full policy contract. Coverage limits represent the maximum amount payable per occurrence. Deductibles are the amount the policyholder must pay before coverage applies. Premium amounts are subject to change at renewal based on claims history, coverage changes, and applicable rate filings. Contact your agent for questions about your coverage.
",2025-05-24T00:00:00
DOC-POL-000176,CUST-0064,POL-000176,,policy_summary,Home Insurance Policy POL-000176 for Spencer Bailey,"POLICY SUMMARY DOCUMENT
=======================

Policy Number: POL-000176
Policy Type: Home Insurance
Policyholder: Spencer Bailey (CUST-0064)
Address: 789 Elm Dr, Cleveland, OH 44101

Effective Date: 2025-11-03
Expiration Date: 2026-11-03
Status: Renewed
Annual Premium: $2,095.76
Payment Frequency: Monthly

COVERAGES
---------
  - Dwelling: Limit $446,000.00, Deductible $3,400.00
  - Personal Property: Limit $132,000.00, Deductible $1,100.00
  - Liability: Limit $458,000.00, Deductible $0.00

IMPORTANT NOTICES
-----------------
This policy is subject to all terms, conditions, and exclusions described in the full policy contract. Coverage limits represent the maximum amount payable per occurrence. Deductibles are the amount the policyholder must pay before coverage applies. Premium amounts are subject to change at renewal based on claims history, coverage changes, and applicable rate filings. Contact your agent for questions about your coverage.
",2025-10-29T00:00:00
DOC-POL-000177,CUST-0065,POL-000177,,policy_summary,Auto Insurance Policy POL-000177 for Tatum Roberts,"POLICY SUMMARY DOCUMENT
=======================

Policy Number: POL-000177
Policy Type: Auto Insurance
Policyholder: Tatum Roberts (CUST-0065)
Address: 237 Juniper Way, Raleigh, NC 27601

Effective Date: 2024-08-06
Expiration Date: 2026-09-08
Status: Active
Annual Premium: $1,841.26
Payment Frequency: Monthly

COVERAGES
---------
  - Liability: Limit $413,000.00, Deductible $0.00
  - Collision: Limit $52,000.00, Deductible $1,100.00

IMPORTANT NOTICES
-----------------
This policy is subject to all terms, conditions, and exclusions described in the full policy contract. Coverage limits represent the maximum amount payable per occurrence. Deductibles are the amount the policyholder must pay before coverage applies. Premium amounts are subject to change at renewal based on claims history, coverage changes, and applicable rate filings. Contact your agent for questions about your coverage.
",2024-08-01T00:00:00
DOC-POL-000178,CUST-0066,POL-000178,,policy_summary,Renters Insurance Policy POL-000178 for Logan Richardson,"POLICY SUMMARY DOCUMENT
=======================

Policy Number: POL-000178
Policy Type: Renters Insurance
Policyholder: Logan Richardson (CUST-0066)
Address: 123 Main St, Nashville, TN 37201

Effective Date: 2025-10-17
Expiration Date: 2026-10-17
Status: Lapsed
Annual Premium: $438.20
Payment Frequency: Semi Annual

COVERAGES
---------
  - Personal Property: Limit $197,000.00, Deductible $500.00
  - Liability: Limit $394,000.00, Deductible $0.00

IMPORTANT NOTICES
-----------------
This policy is subject to all terms, conditions, and exclusions described in the full policy contract. Coverage limits represent the maximum amount payable per occurrence. Deductibles are the amount the policyholder must pay before coverage applies. Premium amounts are subject to change at renewal based on claims history, coverage changes, and applicable rate filings. Contact your agent for questions about your coverage.
",2025-10-12T00:00:00
DOC-POL-000179,CUST-0067,POL-000179,,policy_summary,Renters Insurance Policy POL-000179 for Jules Nelson,"POLICY SUMMARY DOCUMENT
=======================

Policy Number: POL-000179
Policy Type: Renters Insurance
Policyholder: Jules Nelson (CUST-0067)
Address: 123 Main St, Indianapolis, IN 46201

Effective Date: 2024-05-17
Expiration Date: 2026-12-04
Status: Active
Annual Premium: $337.23
Payment Frequency: Monthly

COVERAGES
---------
  - Personal Property: Limit $175,000.00, Deductible $2,000.00
  - Liability: Limit $290,000.00, Deductible $0.00

IMPORTANT NOTICES
-----------------
This policy is subject to all terms, conditions, and exclusions described in the full policy contract. Coverage limits represent the maximum amount payable per occurrence. Deductibles are the amount the policyholder must pay before coverage applies. Premium amounts are subject to change at renewal based on claims history, coverage changes, and applicable rate filings. Contact your agent for questions about your coverage.
",2024-05-12T00:00:00
DOC-POL-000180,CUST-0067,POL-000180,,policy_summary,Renters Insurance Policy POL-000180 for Jules Nelson,"POLICY SUMMARY DOCUMENT
=======================

Policy Number: POL-000180
Policy Type: Renters Insurance
Policyholder: Jules Nelson (CUST-0067)
Address: 123 Main St, Indianapolis, IN 46201

Effective Date: 2024-10-11
Expiration Date: 2027-03-18
Status: Active
Annual Premium: $319.90
Payment Frequency: Annual

COVERAGES
---------
  - Personal Property: Limit $145,000.00, Deductible $1,700.00
  - Liability: Limit $294,000.00, Deductible $0.00

IMPORTANT NOTICES
-----------------
This policy is subject to all terms, conditions, and exclusions described in the full policy contract. Coverage limits represent the maximum amount payable per occurrence. Deductibles are the amount the policyholder must pay before coverage applies. Premium amounts are subject to change at renewal based on claims history, coverage changes, and applicable rate filings. Contact your agent for questions about your coverage.
",2024-10-06T00:00:00
DOC-POL-000181,CUST-0067,POL-000181,,policy_summary,Renters Insurance Policy POL-000181 for Jules Nelson,"POLICY SUMMARY DOCUMENT
=======================

Policy Number: POL-000181
Policy Type: Renters Insurance
Policyholder: Jules Nelson (CUST-0067)
Address: 123 Main St, Indianapolis, IN 46201

Effective Date: 2025-03-02
Expiration Date: 2027-06-21
Status: Active
Annual Premium: $490.25
Payment Frequency: Monthly

COVERAGES
---------
  - Personal Property: Limit $191,000.00, Deductible $900.00
  - Liability: Limit $480,000.00, Deductible $0.00

IMPORTANT NOTICES
-----------------
This policy is subject to all terms, conditions, and exclusions described in the full policy contract. Coverage limits represent the maximum amount payable per occurrence. Deductibles are the amount the policyholder must pay before coverage applies. Premium amounts are subject to change at renewal based on claims history, coverage changes, and applicable rate filings. Contact your agent for questions about your coverage.
",2025-02-25T00:00:00
DOC-POL-000182,CUST-0068,POL-000182,,policy_summary,Umbrella Insurance Policy POL-000182 for Jules Bailey,"POLICY SUMMARY DOCUMENT
=======================

Policy Number: POL-000182
Policy Type: Umbrella Insurance
Policyholder: Jules Bailey (CUST-0068)
Address: 123 Main St, Denver, CO 80201

Effective Date: 2024-11-16
Expiration Date: 2027-05-26
Status: Active
Annual Premium: $664.99
Payment Frequency: Semi Annual

COVERAGES
---------
  - Umbrella Excess: Limit $2,227,000.00, Deductible $0.00

IMPORTANT NOTICES
-----------------
This policy is subject to all terms, conditions, and exclusions described in the full policy contract. Coverage limits represent the maximum amount payable per occurrence. Deductibles are the amount the policyholder must pay before coverage applies. Premium amounts are subject to change at renewal based on claims history, coverage changes, and applicable rate filings. Contact your agent for questions about your coverage.
",2024-11-11T00:00:00
DOC-POL-000183,CUST-0068,POL-000183,,policy_summary,Home Insurance Policy POL-000183 for Jules Bailey,"POLICY SUMMARY DOCUMENT
=======================

Policy Number: POL-000183
Policy Type: Home Insurance
Policyholder: Jules Bailey (CUST-0068)
Address: 123 Main St, Denver, CO 80201

Effective Date: 2025-10-30
Expiration Date: 2026-10-30
Status: Active
Annual Premium: $1,707.19
Payment Frequency: Monthly

COVERAGES
---------
  - Dwelling: Limit $270,000.00, Deductible $1,200.00
  - Personal Property: Limit $155,000.00, Deductible $600.00

IMPORTANT NOTICES
-----------------
This policy is subject to all terms, conditions, and exclusions described in the full policy contract. Coverage limits represent the maximum amount payable per occurrence. Deductibles are the amount the policyholder must pay before coverage applies. Premium amounts are subject to change at renewal based on claims history, coverage changes, and applicable rate filings. Contact your agent for questions about your coverage.
",2025-10-25T00:00:00
DOC-POL-000184,CUST-0069,POL-000184,,policy_summary,Umbrella Insurance Policy POL-000184 for Uri Miller,"POLICY SUMMARY DOCUMENT
=======================

Policy Number: POL-000184
Policy Type: Umbrella Insurance
Policyholder: Uri Miller (CUST-0069)
Address: 672 Laurel Ave, Denver, CO 80201

Effective Date: 2025-04-11
Expiration Date: 2027-05-10
Status: Active
Annual Premium: $364.56
Payment Frequency: Monthly

COVERAGES
---------
  - Umbrella Excess: Limit $2,027,000.00, Deductible $0.00

IMPORTANT NOTICES
-----------------
This policy is subject to all terms, conditions, and exclusions described in the full policy contract. Coverage limits represent the maximum amount payable per occurrence. Deductibles are the amount the policyholder must pay before coverage applies. Premium amounts are subject to change at renewal based on claims history, coverage changes, and applicable rate filings. Contact your agent for questions about your coverage.
",2025-04-06T00:00:00
DOC-POL-000185,CUST-0070,POL-000185,,policy_summary,Auto Insurance Policy POL-000185 for Sam Davis,"POLICY SUMMARY DOCUMENT
=======================

Policy Number: POL-000185
Policy Type: Auto Insurance
Policyholder: Sam Davis (CUST-0070)
Address: 147 Birch Way, Indianapolis, IN 46201

Effective Date: 2025-03-11
Expiration Date: 2027-05-31
Status: Active
Annual Premium: $1,168.30
Payment Frequency: Monthly

COVERAGES
---------
  - Liability: Limit $370,000.00, Deductible $0.00
  - Collision: Limit $73,000.00, Deductible $1,000.00

IMPORTANT NOTICES
-----------------
This policy is subject to all terms, conditions, and exclusions described in the full policy contract. Coverage limits represent the maximum amount payable per occurrence. Deductibles are the amount the policyholder must pay before coverage applies. Premium amounts are subject to change at renewal based on claims history, coverage changes, and applicable rate filings. Contact your agent for questions about your coverage.
",2025-03-06T00:00:00
DOC-POL-000186,CUST-0070,POL-000186,,policy_summary,Auto Insurance Policy POL-000186 for Sam Davis,"POLICY SUMMARY DOCUMENT
=======================

Policy Number: POL-000186
Policy Type: Auto Insurance
Policyholder: Sam Davis (CUST-0070)
Address: 147 Birch Way, Indianapolis, IN 46201

Effective Date: 2025-11-02
Expiration Date: 2026-11-02
Status: Active
Annual Premium: $1,104.96
Payment Frequency: Quarterly

COVERAGES
---------
  - Liability: Limit $254,000.00, Deductible $0.00
  - Collision: Limit $30,000.00, Deductible $700.00
  - Comprehensive: Limit $44,000.00, Deductible $900.00

IMPORTANT NOTICES
-----------------
This policy is subject to all terms, conditions, and exclusions described in the full policy contract. Coverage limits represent the maximum amount payable per occurrence. Deductibles are the amount the policyholder must pay before coverage applies. Premium amounts are subject to change at renewal based on claims history, coverage changes, and applicable rate filings. Contact your agent for questions about your coverage.
",2025-10-28T00:00:00
DOC-POL-000187,CUST-0070,POL-000187,,policy_summary,Home Insurance Policy POL-000187 for Sam Davis,"POLICY SUMMARY DOCUMENT
=======================

Policy Number: POL-000187
Policy Type: Home Insurance
Policyholder: Sam Davis (CUST-0070)
Address: 147 Birch Way, Indianapolis, IN 46201

Effective Date: 2025-12-23
Expiration Date: 2026-12-23
Status: Active
Annual Premium: $1,955.05
Payment Frequency: Monthly

COVERAGES
---------
  - Dwelling: Limit $521,000.00, Deductible $1,200.00
  - Personal Property: Limit $186,000.00, Deductible $1,100.00
  - Liability: Limit $252,000.00, Deductible $0.00

IMPORTANT NOTICES
-----------------
This policy is subject to all terms, conditions, and exclusions described in the full policy contract. Coverage limits represent the maximum amount payable per occurrence. Deductibles are the amount the policyholder must pay before coverage applies. Premium amounts are subject to change at renewal based on claims history, coverage changes, and applicable rate filings. Contact your agent for questions about your coverage.
",2025-12-18T00:00:00
DOC-POL-000188,CUST-0070,POL-000188,,policy_summary,Auto Insurance Policy POL-000188 for Sam Davis,"POLICY SUMMARY DOCUMENT
=======================

Policy Number: POL-000188
Policy Type: Auto Insurance
Policyholder: Sam Davis (CUST-0070)
Address: 147 Birch Way, Indianapolis, IN 46201

Effective Date: 2025-07-10
Expiration Date: 2027-05-04
Status: Active
Annual Premium: $939.05
Payment Frequency: Quarterly

COVERAGES
---------
  - Liability: Limit $290,000.00, Deductible $0.00
  - Collision: Limit $65,000.00, Deductible $1,800.00

IMPORTANT NOTICES
-----------------
This policy is subject to all terms, conditions, and exclusions described in the full policy contract. Coverage limits represent the maximum amount payable per occurrence. Deductibles are the amount the policyholder must pay before coverage applies. Premium amounts are subject to change at renewal based on claims history, coverage changes, and applicable rate filings. Contact your agent for questions about your coverage.
",2025-07-05T00:00:00
DOC-POL-000189,CUST-0071,POL-000189,,policy_summary,Auto Insurance Policy POL-000189 for Logan Smith,"POLICY SUMMARY DOCUMENT
=======================

Policy Number: POL-000189
Policy Type: Auto Insurance
Policyholder: Logan Smith (CUST-0071)
Address: 258 Walnut Blvd, Nashville, TN 37201

Effective Date: 2024-09-19
Expiration Date: 2025-09-19
Status: Renewed
Annual Premium: $1,994.80
Payment Frequency: Monthly

COVERAGES
---------
  - Liability: Limit $394,000.00, Deductible $0.00
  - Collision: Limit $56,000.00, Deductible $2,000.00
  - Comprehensive: Limit $37,000.00, Deductible $900.00

IMPORTANT NOTICES
-----------------
This policy is subject to all terms, conditions, and exclusions described in the full policy contract. Coverage limits represent the maximum amount payable per occurrence. Deductibles are the amount the policyholder must pay before coverage applies. Premium amounts are subject to change at renewal based on claims history, coverage changes, and applicable rate filings. Contact your agent for questions about your coverage.
",2024-09-14T00:00:00
DOC-POL-000190,CUST-0072,POL-000190,,policy_summary,Auto Insurance Policy POL-000190 for Uri Cooper,"POLICY SUMMARY DOCUMENT
=======================

Policy Number: POL-000190
Policy Type: Auto Insurance
Policyholder: Uri Cooper (CUST-0072)
Address: 126 Sycamore Ct, Nashville, TN 37201

Effective Date: 2024-12-24
Expiration Date: 2027-05-13
Status: Active
Annual Premium: $1,463.48
Payment Frequency: Annual

COVERAGES
---------
  - Liability: Limit $363,000.00, Deductible $0.00
  - Collision: Limit $70,000.00, Deductible $900.00
  - Comprehensive: Limit $46,000.00, Deductible $600.00

IMPORTANT NOTICES
-----------------
This policy is subject to all terms, conditions, and exclusions described in the full policy contract. Coverage limits represent the maximum amount payable per occurrence. Deductibles are the amount the policyholder must pay before coverage applies. Premium amounts are subject to change at renewal based on claims history, coverage changes, and applicable rate filings. Contact your agent for questions about your coverage.
",2024-12-19T00:00:00
DOC-POL-000191,CUST-0073,POL-000191,,policy_summary,Auto Insurance Policy POL-000191 for Adrian Anderson,"POLICY SUMMARY DOCUMENT
=======================

Policy Number: POL-000191
Policy Type: Auto Insurance
Policyholder: Adrian Anderson (CUST-0073)
Address: 789 Elm Dr, Charlotte, NC 28201

Effective Date: 2023-11-27
Expiration Date: 2027-02-24
Status: Active
Annual Premium: $1,995.63
Payment Frequency: Monthly

COVERAGES
---------
  - Liability: Limit $319,000.00, Deductible $0.00
  - Collision: Limit $30,000.00, Deductible $1,600.00
  - Comprehensive: Limit $47,000.00, Deductible $400.00

IMPORTANT NOTICES
-----------------
This policy is subject to all terms, conditions, and exclusions described in the full policy contract. Coverage limits represent the maximum amount payable per occurrence. Deductibles are the amount the policyholder must pay before coverage applies. Premium amounts are subject to change at renewal based on claims history, coverage changes, and applicable rate filings. Contact your agent for questions about your coverage.
",2023-11-22T00:00:00
DOC-POL-000192,CUST-0073,POL-000192,,policy_summary,Auto Insurance Policy POL-000192 for Adrian Anderson,"POLICY SUMMARY DOCUMENT
=======================

Policy Number: POL-000192
Policy Type: Auto Insurance
Policyholder: Adrian Anderson (CUST-0073)
Address: 789 Elm Dr, Charlotte, NC 28201

Effective Date: 2024-04-11
Expiration Date: 2027-04-21
Status: Active
Annual Premium: $1,120.65
Payment Frequency: Monthly

COVERAGES
---------
  - Liability: Limit $179,000.00, Deductible $0.00
  - Collision: Limit $40,000.00, Deductible $1,800.00

IMPORTANT NOTICES
-----------------
This policy is subject to all terms, conditions, and exclusions described in the full policy contract. Coverage limits represent the maximum amount payable per occurrence. Deductibles are the amount the policyholder must pay before coverage applies. Premium amounts are subject to change at renewal based on claims history, coverage changes, and applicable rate filings. Contact your agent for questions about your coverage.
",2024-04-06T00:00:00
DOC-POL-000193,CUST-0073,POL-000193,,policy_summary,Auto Insurance Policy POL-000193 for Adrian Anderson,"POLICY SUMMARY DOCUMENT
=======================

Policy Number: POL-000193
Policy Type: Auto Insurance
Policyholder: Adrian Anderson (CUST-0073)
Address: 789 Elm Dr, Charlotte, NC 28201

Effective Date: 2024-10-04
Expiration Date: 2027-05-21
Status: Active
Annual Premium: $1,527.88
Payment Frequency: Monthly

COVERAGES
---------
  - Liability: Limit $209,000.00, Deductible $0.00
  - Collision: Limit $45,000.00, Deductible $1,100.00
  - Comprehensive: Limit $48,000.00, Deductible $1,000.00

IMPORTANT NOTICES
-----------------
This policy is subject to all terms, conditions, and exclusions described in the full policy contract. Coverage limits represent the maximum amount payable per occurrence. Deductibles are the amount the policyholder must pay before coverage applies. Premium amounts are subject to change at renewal based on claims history, coverage changes, and applicable rate filings. Contact your agent for questions about your coverage.
",2024-09-29T00:00:00
DOC-POL-000194,CUST-0073,POL-000194,,policy_summary,Renters Insurance Policy POL-000194 for Adrian Anderson,"POLICY SUMMARY DOCUMENT
=======================

Policy Number: POL-000194
Policy Type: Renters Insurance
Policyholder: Adrian Anderson (CUST-0073)
Address: 789 Elm Dr, Charlotte, NC 28201

Effective Date: 2024-05-09
Expiration Date: 2027-04-11
Status: Active
Annual Premium: $518.52
Payment Frequency: Monthly

COVERAGES
---------
  - Personal Property: Limit $70,000.00, Deductible $800.00
  - Liability: Limit $298,000.00, Deductible $0.00

IMPORTANT NOTICES
-----------------
This policy is subject to all terms, conditions, and exclusions described in the full policy contract. Coverage limits represent the maximum amount payable per occurrence. Deductibles are the amount the policyholder must pay before coverage applies. Premium amounts are subject to change at renewal based on claims history, coverage changes, and applicable rate filings. Contact your agent for questions about your coverage.
",2024-05-04T00:00:00
DOC-POL-000195,CUST-0074,POL-000195,,policy_summary,Auto Insurance Policy POL-000195 for Casey Scott,"POLICY SUMMARY DOCUMENT
=======================

Policy Number: POL-000195
Policy Type: Auto Insurance
Policyholder: Casey Scott (CUST-0074)
Address: 804 Cherry Rd, Portland, OR 97201

Effective Date: 2025-10-18
Expiration Date: 2026-10-18
Status: Renewed
Annual Premium: $1,802.14
Payment Frequency: Monthly

COVERAGES
---------
  - Liability: Limit $205,000.00, Deductible $0.00
  - Collision: Limit $43,000.00, Deductible $900.00
  - Comprehensive: Limit $45,000.00, Deductible $500.00

IMPORTANT NOTICES
-----------------
This policy is subject to all terms, conditions, and exclusions described in the full policy contract. Coverage limits represent the maximum amount payable per occurrence. Deductibles are the amount the policyholder must pay before coverage applies. Premium amounts are subject to change at renewal based on claims history, coverage changes, and applicable rate filings. Contact your agent for questions about your coverage.
",2025-10-13T00:00:00
DOC-POL-000196,CUST-0074,POL-000196,,policy_summary,Auto Insurance Policy POL-000196 for Casey Scott,"POLICY SUMMARY DOCUMENT
=======================

Policy Number: POL-000196
Policy Type: Auto Insurance
Policyholder: Casey Scott (CUST-0074)
Address: 804 Cherry Rd, Portland, OR 97201

Effective Date: 2025-07-07
Expiration Date: 2026-09-15
Status: Active
Annual Premium: $1,402.36
Payment Frequency: Monthly

COVERAGES
---------
  - Liability: Limit $112,000.00, Deductible $0.00
  - Collision: Limit $40,000.00, Deductible $900.00
  - Comprehensive: Limit $59,000.00, Deductible $700.00

IMPORTANT NOTICES
-----------------
This policy is subject to all terms, conditions, and exclusions described in the full policy contract. Coverage limits represent the maximum amount payable per occurrence. Deductibles are the amount the policyholder must pay before coverage applies. Premium amounts are subject to change at renewal based on claims history, coverage changes, and applicable rate filings. Contact your agent for questions about your coverage.
",2025-07-02T00:00:00
DOC-POL-000197,CUST-0075,POL-000197,,policy_summary,Renters Insurance Policy POL-000197 for Logan Young,"POLICY SUMMARY DOCUMENT
=======================

Policy Number: POL-000197
Policy Type: Renters Insurance
Policyholder: Logan Young (CUST-0075)
Address: 321 Pine Rd, San Diego, CA 92101

Effective Date: 2023-12-03
Expiration Date: 2027-02-24
Status: Active
Annual Premium: $465.99
Payment Frequency: Monthly

COVERAGES
---------
  - Personal Property: Limit $95,000.00, Deductible $1,700.00
  - Liability: Limit $467,000.00, Deductible $0.00

IMPORTANT NOTICES
-----------------
This policy is subject to all terms, conditions, and exclusions described in the full policy contract. Coverage limits represent the maximum amount payable per occurrence. Deductibles are the amount the policyholder must pay before coverage applies. Premium amounts are subject to change at renewal based on claims history, coverage changes, and applicable rate filings. Contact your agent for questions about your coverage.
",2023-11-28T00:00:00
DOC-POL-000198,CUST-0075,POL-000198,,policy_summary,Auto Insurance Policy POL-000198 for Logan Young,"POLICY SUMMARY DOCUMENT
=======================

Policy Number: POL-000198
Policy Type: Auto Insurance
Policyholder: Logan Young (CUST-0075)
Address: 321 Pine Rd, San Diego, CA 92101

Effective Date: 2025-04-08
Expiration Date: 2027-02-14
Status: Active
Annual Premium: $1,955.27
Payment Frequency: Monthly

COVERAGES
---------
  - Liability: Limit $247,000.00, Deductible $0.00
  - Collision: Limit $47,000.00, Deductible $1,800.00

IMPORTANT NOTICES
-----------------
This policy is subject to all terms, conditions, and exclusions described in the full policy contract. Coverage limits represent the maximum amount payable per occurrence. Deductibles are the amount the policyholder must pay before coverage applies. Premium amounts are subject to change at renewal based on claims history, coverage changes, and applicable rate filings. Contact your agent for questions about your coverage.
",2025-04-03T00:00:00
DOC-POL-000199,CUST-0075,POL-000199,,policy_summary,Home Insurance Policy POL-000199 for Logan Young,"POLICY SUMMARY DOCUMENT
=======================

Policy Number: POL-000199
Policy Type: Home Insurance
Policyholder: Logan Young (CUST-0075)
Address: 321 Pine Rd, San Diego, CA 92101

Effective Date: 2025-02-07
Expiration Date: 2026-02-07
Status: Renewed
Annual Premium: $1,450.30
Payment Frequency: Monthly

COVERAGES
---------
  - Dwelling: Limit $560,000.00, Deductible $2,500.00
  - Personal Property: Limit $145,000.00, Deductible $2,300.00
  - Liability: Limit $223,000.00, Deductible $0.00

IMPORTANT NOTICES
-----------------
This policy is subject to all terms, conditions, and exclusions described in the full policy contract. Coverage limits represent the maximum amount payable per occurrence. Deductibles are the amount the policyholder must pay before coverage applies. Premium amounts are subject to change at renewal based on claims history, coverage changes, and applicable rate filings. Contact your agent for questions about your coverage.
",2025-02-02T00:00:00
DOC-POL-000200,CUST-0076,POL-000200,,policy_summary,Auto Insurance Policy POL-000200 for Uri Cooper,"POLICY SUMMARY DOCUMENT
=======================

Policy Number: POL-000200
Policy Type: Auto Insurance
Policyholder: Uri Cooper (CUST-0076)
Address: 459 Chestnut Pl, Raleigh, NC 27601

Effective Date: 2024-12-23
Expiration Date: 2027-06-12
Status: Active
Annual Premium: $1,564.86
Payment Frequency: Quarterly

COVERAGES
---------
  - Liability: Limit $437,000.00, Deductible $0.00
  - Collision: Limit $63,000.00, Deductible $1,800.00

IMPORTANT NOTICES
-----------------
This policy is subject to all terms, conditions, and exclusions described in the full policy contract. Coverage limits represent the maximum amount payable per occurrence. Deductibles are the amount the policyholder must pay before coverage applies. Premium amounts are subject to change at renewal based on claims history, coverage changes, and applicable rate filings. Contact your agent for questions about your coverage.
",2024-12-18T00:00:00
DOC-POL-000201,CUST-0077,POL-000201,,policy_summary,Home Insurance Policy POL-000201 for Holly Rivera,"POLICY SUMMARY DOCUMENT
=======================

Policy Number: POL-000201
Policy Type: Home Insurance
Policyholder: Holly Rivera (CUST-0077)
Address: 693 Poplar Dr, Salt Lake City, UT 84101

Effective Date: 2025-10-19
Expiration Date: 2026-10-19
Status: Active
Annual Premium: $1,727.19
Payment Frequency: Monthly

COVERAGES
---------
  - Dwelling: Limit $750,000.00, Deductible $3,200.00
  - Personal Property: Limit $80,000.00, Deductible $1,200.00
  - Liability: Limit $105,000.00, Deductible $0.00

IMPORTANT NOTICES
-----------------
This policy is subject to all terms, conditions, and exclusions described in the full policy contract. Coverage limits represent the maximum amount payable per occurrence. Deductibles are the amount the policyholder must pay before coverage applies. Premium amounts are subject to change at renewal based on claims history, coverage changes, and applicable rate filings. Contact your agent for questions about your coverage.
",2025-10-14T00:00:00
DOC-POL-000202,CUST-0077,POL-000202,,policy_summary,Home Insurance Policy POL-000202 for Holly Rivera,"POLICY SUMMARY DOCUMENT
=======================

Policy Number: POL-000202
Policy Type: Home Insurance
Policyholder: Holly Rivera (CUST-0077)
Address: 693 Poplar Dr, Salt Lake City, UT 84101

Effective Date: 2025-03-06
Expiration Date: 2026-10-11
Status: Active
Annual Premium: $2,907.26
Payment Frequency: Monthly

COVERAGES
---------
  - Dwelling: Limit $215,000.00, Deductible $3,800.00
  - Personal Property: Limit $113,000.00, Deductible $1,400.00

IMPORTANT NOTICES
-----------------
This policy is subject to all terms, conditions, and exclusions described in the full policy contract. Coverage limits represent the maximum amount payable per occurrence. Deductibles are the amount the policyholder must pay before coverage applies. Premium amounts are subject to change at renewal based on claims history, coverage changes, and applicable rate filings. Contact your agent for questions about your coverage.
",2025-03-01T00:00:00
DOC-POL-000203,CUST-0077,POL-000203,,policy_summary,Umbrella Insurance Policy POL-000203 for Holly Rivera,"POLICY SUMMARY DOCUMENT
=======================

Policy Number: POL-000203
Policy Type: Umbrella Insurance
Policyholder: Holly Rivera (CUST-0077)
Address: 693 Poplar Dr, Salt Lake City, UT 84101

Effective Date: 2023-11-25
Expiration Date: 2027-06-15
Status: Active
Annual Premium: $726.83
Payment Frequency: Monthly

COVERAGES
---------
  - Umbrella Excess: Limit $3,192,000.00, Deductible $0.00

IMPORTANT NOTICES
-----------------
This policy is subject to all terms, conditions, and exclusions described in the full policy contract. Coverage limits represent the maximum amount payable per occurrence. Deductibles are the amount the policyholder must pay before coverage applies. Premium amounts are subject to change at renewal based on claims history, coverage changes, and applicable rate filings. Contact your agent for questions about your coverage.
",2023-11-20T00:00:00
DOC-POL-000204,CUST-0078,POL-000204,,policy_summary,Home Insurance Policy POL-000204 for Glenn Garcia,"POLICY SUMMARY DOCUMENT
=======================

Policy Number: POL-000204
Policy Type: Home Insurance
Policyholder: Glenn Garcia (CUST-0078)
Address: 654 Maple Ln, Minneapolis, MN 55401

Effective Date: 2023-09-06
Expiration Date: 2026-10-15
Status: Active
Annual Premium: $2,715.41
Payment Frequency: Monthly

COVERAGES
---------
  - Dwelling: Limit $226,000.00, Deductible $4,400.00
  - Personal Property: Limit $168,000.00, Deductible $1,400.00

IMPORTANT NOTICES
-----------------
This policy is subject to all terms, conditions, and exclusions described in the full policy contract. Coverage limits represent the maximum amount payable per occurrence. Deductibles are the amount the policyholder must pay before coverage applies. Premium amounts are subject to change at renewal based on claims history, coverage changes, and applicable rate filings. Contact your agent for questions about your coverage.
",2023-09-01T00:00:00
DOC-POL-000205,CUST-0078,POL-000205,,policy_summary,Renters Insurance Policy POL-000205 for Glenn Garcia,"POLICY SUMMARY DOCUMENT
=======================

Policy Number: POL-000205
Policy Type: Renters Insurance
Policyholder: Glenn Garcia (CUST-0078)
Address: 654 Maple Ln, Minneapolis, MN 55401

Effective Date: 2025-02-09
Expiration Date: 2027-02-02
Status: Active
Annual Premium: $308.99
Payment Frequency: Semi Annual

COVERAGES
---------
  - Personal Property: Limit $155,000.00, Deductible $1,300.00
  - Liability: Limit $473,000.00, Deductible $0.00

IMPORTANT NOTICES
-----------------
This policy is subject to all terms, conditions, and exclusions described in the full policy contract. Coverage limits represent the maximum amount payable per occurrence. Deductibles are the amount the policyholder must pay before coverage applies. Premium amounts are subject to change at renewal based on claims history, coverage changes, and applicable rate filings. Contact your agent for questions about your coverage.
",2025-02-04T00:00:00
DOC-POL-000206,CUST-0078,POL-000206,,policy_summary,Auto Insurance Policy POL-000206 for Glenn Garcia,"POLICY SUMMARY DOCUMENT
=======================

Policy Number: POL-000206
Policy Type: Auto Insurance
Policyholder: Glenn Garcia (CUST-0078)
Address: 654 Maple Ln, Minneapolis, MN 55401

Effective Date: 2026-01-04
Expiration Date: 2027-01-04
Status: Active
Annual Premium: $1,331.60
Payment Frequency: Monthly

COVERAGES
---------
  - Liability: Limit $168,000.00, Deductible $0.00
  - Collision: Limit $63,000.00, Deductible $800.00

IMPORTANT NOTICES
-----------------
This policy is subject to all terms, conditions, and exclusions described in the full policy contract. Coverage limits represent the maximum amount payable per occurrence. Deductibles are the amount the policyholder must pay before coverage applies. Premium amounts are subject to change at renewal based on claims history, coverage changes, and applicable rate filings. Contact your agent for questions about your coverage.
",2025-12-30T00:00:00
DOC-POL-000207,CUST-0078,POL-000207,,policy_summary,Home Insurance Policy POL-000207 for Glenn Garcia,"POLICY SUMMARY DOCUMENT
=======================

Policy Number: POL-000207
Policy Type: Home Insurance
Policyholder: Glenn Garcia (CUST-0078)
Address: 654 Maple Ln, Minneapolis, MN 55401

Effective Date: 2024-01-04
Expiration Date: 2027-05-15
Status: Active
Annual Premium: $2,667.51
Payment Frequency: Quarterly

COVERAGES
---------
  - Dwelling: Limit $439,000.00, Deductible $3,800.00
  - Personal Property: Limit $60,000.00, Deductible $2,000.00
  - Liability: Limit $230,000.00, Deductible $0.00

IMPORTANT NOTICES
-----------------
This policy is subject to all terms, conditions, and exclusions described in the full policy contract. Coverage limits represent the maximum amount payable per occurrence. Deductibles are the amount the policyholder must pay before coverage applies. Premium amounts are subject to change at renewal based on claims history, coverage changes, and applicable rate filings. Contact your agent for questions about your coverage.
",2023-12-30T00:00:00
DOC-POL-000208,CUST-0079,POL-000208,,policy_summary,Renters Insurance Policy POL-000208 for Riley Jones,"POLICY SUMMARY DOCUMENT
=======================

Policy Number: POL-000208
Policy Type: Renters Insurance
Policyholder: Riley Jones (CUST-0079)
Address: 459 Chestnut Pl, Portland, OR 97201

Effective Date: 2023-10-17
Expiration Date: 2027-03-17
Status: Active
Annual Premium: $403.61
Payment Frequency: Annual

COVERAGES
---------
  - Personal Property: Limit $59,000.00, Deductible $1,200.00
  - Liability: Limit $460,000.00, Deductible $0.00

IMPORTANT NOTICES
-----------------
This policy is subject to all terms, conditions, and exclusions described in the full policy contract. Coverage limits represent the maximum amount payable per occurrence. Deductibles are the amount the policyholder must pay before coverage applies. Premium amounts are subject to change at renewal based on claims history, coverage changes, and applicable rate filings. Contact your agent for questions about your coverage.
",2023-10-12T00:00:00
DOC-POL-000209,CUST-0080,POL-000209,,policy_summary,Home Insurance Policy POL-000209 for Ray Bailey,"POLICY SUMMARY DOCUMENT
=======================

Policy Number: POL-000209
Policy Type: Home Insurance
Policyholder: Ray Bailey (CUST-0080)
Address: 237 Juniper Way, Pittsburgh, PA 15201

Effective Date: 2023-11-07
Expiration Date: 2024-11-06
Status: Lapsed
Annual Premium: $2,201.95
Payment Frequency: Monthly

COVERAGES
---------
  - Dwelling: Limit $306,000.00, Deductible $4,000.00
  - Personal Property: Limit $58,000.00, Deductible $2,400.00

IMPORTANT NOTICES
-----------------
This policy is subject to all terms, conditions, and exclusions described in the full policy contract. Coverage limits represent the maximum amount payable per occurrence. Deductibles are the amount the policyholder must pay before coverage applies. Premium amounts are subject to change at renewal based on claims history, coverage changes, and applicable rate filings. Contact your agent for questions about your coverage.
",2023-11-02T00:00:00
DOC-POL-000210,CUST-0081,POL-000210,,policy_summary,Umbrella Insurance Policy POL-000210 for Hayden Roberts,"POLICY SUMMARY DOCUMENT
=======================

Policy Number: POL-000210
Policy Type: Umbrella Insurance
Policyholder: Hayden Roberts (CUST-0081)
Address: 126 Sycamore Ct, Charlotte, NC 28201

Effective Date: 2024-02-03
Expiration Date: 2025-02-02
Status: Lapsed
Annual Premium: $556.20
Payment Frequency: Monthly

COVERAGES
---------
  - Umbrella Excess: Limit $1,038,000.00, Deductible $0.00

IMPORTANT NOTICES
-----------------
This policy is subject to all terms, conditions, and exclusions described in the full policy contract. Coverage limits represent the maximum amount payable per occurrence. Deductibles are the amount the policyholder must pay before coverage applies. Premium amounts are subject to change at renewal based on claims history, coverage changes, and applicable rate filings. Contact your agent for questions about your coverage.
",2024-01-29T00:00:00
DOC-POL-000211,CUST-0082,POL-000211,,policy_summary,Auto Insurance Policy POL-000211 for Rowan Harris,"POLICY SUMMARY DOCUMENT
=======================

Policy Number: POL-000211
Policy Type: Auto Insurance
Policyholder: Rowan Harris (CUST-0082)
Address: 237 Juniper Way, Raleigh, NC 27601

Effective Date: 2024-05-08
Expiration Date: 2027-04-20
Status: Active
Annual Premium: $1,733.97
Payment Frequency: Monthly

COVERAGES
---------
  - Liability: Limit $198,000.00, Deductible $0.00
  - Collision: Limit $71,000.00, Deductible $800.00

IMPORTANT NOTICES
-----------------
This policy is subject to all terms, conditions, and exclusions described in the full policy contract. Coverage limits represent the maximum amount payable per occurrence. Deductibles are the amount the policyholder must pay before coverage applies. Premium amounts are subject to change at renewal based on claims history, coverage changes, and applicable rate filings. Contact your agent for questions about your coverage.
",2024-05-03T00:00:00
DOC-POL-000212,CUST-0082,POL-000212,,policy_summary,Auto Insurance Policy POL-000212 for Rowan Harris,"POLICY SUMMARY DOCUMENT
=======================

Policy Number: POL-000212
Policy Type: Auto Insurance
Policyholder: Rowan Harris (CUST-0082)
Address: 237 Juniper Way, Raleigh, NC 27601

Effective Date: 2025-02-15
Expiration Date: 2026-02-15
Status: Renewed
Annual Premium: $1,165.62
Payment Frequency: Monthly

COVERAGES
---------
  - Liability: Limit $209,000.00, Deductible $0.00
  - Collision: Limit $36,000.00, Deductible $600.00
  - Comprehensive: Limit $41,000.00, Deductible $300.00

IMPORTANT NOTICES
-----------------
This policy is subject to all terms, conditions, and exclusions described in the full policy contract. Coverage limits represent the maximum amount payable per occurrence. Deductibles are the amount the policyholder must pay before coverage applies. Premium amounts are subject to change at renewal based on claims history, coverage changes, and applicable rate filings. Contact your agent for questions about your coverage.
",2025-02-10T00:00:00
DOC-POL-000213,CUST-0083,POL-000213,,policy_summary,Renters Insurance Policy POL-000213 for Riley Carter,"POLICY SUMMARY DOCUMENT
=======================

Policy Number: POL-000213
Policy Type: Renters Insurance
Policyholder: Riley Carter (CUST-0083)
Address: 147 Birch Way, Denver, CO 80201

Effective Date: 2023-09-12
Expiration Date: 2026-09-26
Status: Active
Annual Premium: $459.87
Payment Frequency: Monthly

COVERAGES
---------
  - Personal Property: Limit $119,000.00, Deductible $1,500.00
  - Liability: Limit $382,000.00, Deductible $0.00

IMPORTANT NOTICES
-----------------
This policy is subject to all terms, conditions, and exclusions described in the full policy contract. Coverage limits represent the maximum amount payable per occurrence. Deductibles are the amount the policyholder must pay before coverage applies. Premium amounts are subject to change at renewal based on claims history, coverage changes, and applicable rate filings. Contact your agent for questions about your coverage.
",2023-09-07T00:00:00
DOC-POL-000214,CUST-0083,POL-000214,,policy_summary,Renters Insurance Policy POL-000214 for Riley Carter,"POLICY SUMMARY DOCUMENT
=======================

Policy Number: POL-000214
Policy Type: Renters Insurance
Policyholder: Riley Carter (CUST-0083)
Address: 147 Birch Way, Denver, CO 80201

Effective Date: 2024-12-15
Expiration Date: 2027-01-03
Status: Active
Annual Premium: $390.70
Payment Frequency: Monthly

COVERAGES
---------
  - Personal Property: Limit $155,000.00, Deductible $900.00
  - Liability: Limit $256,000.00, Deductible $0.00

IMPORTANT NOTICES
-----------------
This policy is subject to all terms, conditions, and exclusions described in the full policy contract. Coverage limits represent the maximum amount payable per occurrence. Deductibles are the amount the policyholder must pay before coverage applies. Premium amounts are subject to change at renewal based on claims history, coverage changes, and applicable rate filings. Contact your agent for questions about your coverage.
",2024-12-10T00:00:00
DOC-POL-000215,CUST-0083,POL-000215,,policy_summary,Umbrella Insurance Policy POL-000215 for Riley Carter,"POLICY SUMMARY DOCUMENT
=======================

Policy Number: POL-000215
Policy Type: Umbrella Insurance
Policyholder: Riley Carter (CUST-0083)
Address: 147 Birch Way, Denver, CO 80201

Effective Date: 2024-03-08
Expiration Date: 2027-02-22
Status: Active
Annual Premium: $365.35
Payment Frequency: Monthly

COVERAGES
---------
  - Umbrella Excess: Limit $2,515,000.00, Deductible $0.00

IMPORTANT NOTICES
-----------------
This policy is subject to all terms, conditions, and exclusions described in the full policy contract. Coverage limits represent the maximum amount payable per occurrence. Deductibles are the amount the policyholder must pay before coverage applies. Premium amounts are subject to change at renewal based on claims history, coverage changes, and applicable rate filings. Contact your agent for questions about your coverage.
",2024-03-03T00:00:00
DOC-POL-000216,CUST-0084,POL-000216,,policy_summary,Umbrella Insurance Policy POL-000216 for Jordan Davis,"POLICY SUMMARY DOCUMENT
=======================

Policy Number: POL-000216
Policy Type: Umbrella Insurance
Policyholder: Jordan Davis (CUST-0084)
Address: 789 Elm Dr, Charlotte, NC 28201

Effective Date: 2025-03-03
Expiration Date: 2027-01-27
Status: Active
Annual Premium: $443.80
Payment Frequency: Monthly

COVERAGES
---------
  - Umbrella Excess: Limit $2,156,000.00, Deductible $0.00

IMPORTANT NOTICES
-----------------
This policy is subject to all terms, conditions, and exclusions described in the full policy contract. Coverage limits represent the maximum amount payable per occurrence. Deductibles are the amount the policyholder must pay before coverage applies. Premium amounts are subject to change at renewal based on claims history, coverage changes, and applicable rate filings. Contact your agent for questions about your coverage.
",2025-02-26T00:00:00
DOC-POL-000217,CUST-0084,POL-000217,,policy_summary,Home Insurance Policy POL-000217 for Jordan Davis,"POLICY SUMMARY DOCUMENT
=======================

Policy Number: POL-000217
Policy Type: Home Insurance
Policyholder: Jordan Davis (CUST-0084)
Address: 789 Elm Dr, Charlotte, NC 28201

Effective Date: 2025-09-29
Expiration Date: 2026-09-29
Status: Active
Annual Premium: $1,988.40
Payment Frequency: Monthly

COVERAGES
---------
  - Dwelling: Limit $310,000.00, Deductible $3,900.00
  - Personal Property: Limit $148,000.00, Deductible $1,000.00
  - Liability: Limit $347,000.00, Deductible $0.00

IMPORTANT NOTICES
-----------------
This policy is subject to all terms, conditions, and exclusions described in the full policy contract. Coverage limits represent the maximum amount payable per occurrence. Deductibles are the amount the policyholder must pay before coverage applies. Premium amounts are subject to change at renewal based on claims history, coverage changes, and applicable rate filings. Contact your agent for questions about your coverage.
",2025-09-24T00:00:00
DOC-POL-000218,CUST-0084,POL-000218,,policy_summary,Home Insurance Policy POL-000218 for Jordan Davis,"POLICY SUMMARY DOCUMENT
=======================

Policy Number: POL-000218
Policy Type: Home Insurance
Policyholder: Jordan Davis (CUST-0084)
Address: 789 Elm Dr, Charlotte, NC 28201

Effective Date: 2025-08-06
Expiration Date: 2026-09-30
Status: Active
Annual Premium: $2,385.27
Payment Frequency: Monthly

COVERAGES
---------
  - Dwelling: Limit $657,000.00, Deductible $4,800.00
  - Personal Property: Limit $174,000.00, Deductible $800.00
  - Liability: Limit $489,000.00, Deductible $0.00

IMPORTANT NOTICES
-----------------
This policy is subject to all terms, conditions, and exclusions described in the full policy contract. Coverage limits represent the maximum amount payable per occurrence. Deductibles are the amount the policyholder must pay before coverage applies. Premium amounts are subject to change at renewal based on claims history, coverage changes, and applicable rate filings. Contact your agent for questions about your coverage.
",2025-08-01T00:00:00
DOC-POL-000219,CUST-0084,POL-000219,,policy_summary,Umbrella Insurance Policy POL-000219 for Jordan Davis,"POLICY SUMMARY DOCUMENT
=======================

Policy Number: POL-000219
Policy Type: Umbrella Insurance
Policyholder: Jordan Davis (CUST-0084)
Address: 789 Elm Dr, Charlotte, NC 28201

Effective Date: 2024-10-09
Expiration Date: 2026-11-03
Status: Active
Annual Premium: $616.87
Payment Frequency: Monthly

COVERAGES
---------
  - Umbrella Excess: Limit $2,885,000.00, Deductible $0.00

IMPORTANT NOTICES
-----------------
This policy is subject to all terms, conditions, and exclusions described in the full policy contract. Coverage limits represent the maximum amount payable per occurrence. Deductibles are the amount the policyholder must pay before coverage applies. Premium amounts are subject to change at renewal based on claims history, coverage changes, and applicable rate filings. Contact your agent for questions about your coverage.
",2024-10-04T00:00:00
DOC-POL-000220,CUST-0085,POL-000220,,policy_summary,Auto Insurance Policy POL-000220 for Robin Reed,"POLICY SUMMARY DOCUMENT
=======================

Policy Number: POL-000220
Policy Type: Auto Insurance
Policyholder: Robin Reed (CUST-0085)
Address: 582 Willow Ave, Denver, CO 80201

Effective Date: 2024-11-17
Expiration Date: 2026-09-11
Status: Active
Annual Premium: $1,232.47
Payment Frequency: Quarterly

COVERAGES
---------
  - Liability: Limit $300,000.00, Deductible $0.00
  - Collision: Limit $59,000.00, Deductible $500.00

IMPORTANT NOTICES
-----------------
This policy is subject to all terms, conditions, and exclusions described in the full policy contract. Coverage limits represent the maximum amount payable per occurrence. Deductibles are the amount the policyholder must pay before coverage applies. Premium amounts are subject to change at renewal based on claims history, coverage changes, and applicable rate filings. Contact your agent for questions about your coverage.
",2024-11-12T00:00:00
DOC-POL-000221,CUST-0085,POL-000221,,policy_summary,Auto Insurance Policy POL-000221 for Robin Reed,"POLICY SUMMARY DOCUMENT
=======================

Policy Number: POL-000221
Policy Type: Auto Insurance
Policyholder: Robin Reed (CUST-0085)
Address: 582 Willow Ave, Denver, CO 80201

Effective Date: 2025-07-25
Expiration Date: 2026-09-27
Status: Active
Annual Premium: $1,840.92
Payment Frequency: Annual

COVERAGES
---------
  - Liability: Limit $406,000.00, Deductible $0.00
  - Collision: Limit $75,000.00, Deductible $1,800.00
  - Comprehensive: Limit $74,000.00, Deductible $600.00

IMPORTANT NOTICES
-----------------
This policy is subject to all terms, conditions, and exclusions described in the full policy contract. Coverage limits represent the maximum amount payable per occurrence. Deductibles are the amount the policyholder must pay before coverage applies. Premium amounts are subject to change at renewal based on claims history, coverage changes, and applicable rate filings. Contact your agent for questions about your coverage.
",2025-07-20T00:00:00
DOC-POL-000222,CUST-0085,POL-000222,,policy_summary,Renters Insurance Policy POL-000222 for Robin Reed,"POLICY SUMMARY DOCUMENT
=======================

Policy Number: POL-000222
Policy Type: Renters Insurance
Policyholder: Robin Reed (CUST-0085)
Address: 582 Willow Ave, Denver, CO 80201

Effective Date: 2024-09-13
Expiration Date: 2026-09-17
Status: Active
Annual Premium: $659.71
Payment Frequency: Monthly

COVERAGES
---------
  - Personal Property: Limit $120,000.00, Deductible $2,000.00
  - Liability: Limit $487,000.00, Deductible $0.00

IMPORTANT NOTICES
-----------------
This policy is subject to all terms, conditions, and exclusions described in the full policy contract. Coverage limits represent the maximum amount payable per occurrence. Deductibles are the amount the policyholder must pay before coverage applies. Premium amounts are subject to change at renewal based on claims history, coverage changes, and applicable rate filings. Contact your agent for questions about your coverage.
",2024-09-08T00:00:00
DOC-POL-000223,CUST-0086,POL-000223,,policy_summary,Home Insurance Policy POL-000223 for Terry Davis,"POLICY SUMMARY DOCUMENT
=======================

Policy Number: POL-000223
Policy Type: Home Insurance
Policyholder: Terry Davis (CUST-0086)
Address: 561 Hawthorn St, San Diego, CA 92101

Effective Date: 2023-11-01
Expiration Date: 2027-05-05
Status: Active
Annual Premium: $1,618.09
Payment Frequency: Monthly

COVERAGES
---------
  - Dwelling: Limit $613,000.00, Deductible $2,500.00
  - Personal Property: Limit $156,000.00, Deductible $1,900.00
  - Liability: Limit $245,000.00, Deductible $0.00

IMPORTANT NOTICES
-----------------
This policy is subject to all terms, conditions, and exclusions described in the full policy contract. Coverage limits represent the maximum amount payable per occurrence. Deductibles are the amount the policyholder must pay before coverage applies. Premium amounts are subject to change at renewal based on claims history, coverage changes, and applicable rate filings. Contact your agent for questions about your coverage.
",2023-10-27T00:00:00
DOC-POL-000224,CUST-0086,POL-000224,,policy_summary,Auto Insurance Policy POL-000224 for Terry Davis,"POLICY SUMMARY DOCUMENT
=======================

Policy Number: POL-000224
Policy Type: Auto Insurance
Policyholder: Terry Davis (CUST-0086)
Address: 561 Hawthorn St, San Diego, CA 92101

Effective Date: 2024-05-09
Expiration Date: 2026-10-04
Status: Active
Annual Premium: $1,378.01
Payment Frequency: Semi Annual

COVERAGES
---------
  - Liability: Limit $474,000.00, Deductible $0.00
  - Collision: Limit $38,000.00, Deductible $1,200.00

IMPORTANT NOTICES
-----------------
This policy is subject to all terms, conditions, and exclusions described in the full policy contract. Coverage limits represent the maximum amount payable per occurrence. Deductibles are the amount the policyholder must pay before coverage applies. Premium amounts are subject to change at renewal based on claims history, coverage changes, and applicable rate filings. Contact your agent for questions about your coverage.
",2024-05-04T00:00:00
DOC-POL-000225,CUST-0087,POL-000225,,policy_summary,Renters Insurance Policy POL-000225 for Noel Young,"POLICY SUMMARY DOCUMENT
=======================

Policy Number: POL-000225
Policy Type: Renters Insurance
Policyholder: Noel Young (CUST-0087)
Address: 987 Cedar Ct, Nashville, TN 37201

Effective Date: 2024-05-18
Expiration Date: 2026-11-30
Status: Active
Annual Premium: $697.48
Payment Frequency: Monthly

COVERAGES
---------
  - Personal Property: Limit $70,000.00, Deductible $500.00
  - Liability: Limit $211,000.00, Deductible $0.00

IMPORTANT NOTICES
-----------------
This policy is subject to all terms, conditions, and exclusions described in the full policy contract. Coverage limits represent the maximum amount payable per occurrence. Deductibles are the amount the policyholder must pay before coverage applies. Premium amounts are subject to change at renewal based on claims history, coverage changes, and applicable rate filings. Contact your agent for questions about your coverage.
",2024-05-13T00:00:00
DOC-POL-000226,CUST-0087,POL-000226,,policy_summary,Auto Insurance Policy POL-000226 for Noel Young,"POLICY SUMMARY DOCUMENT
=======================

Policy Number: POL-000226
Policy Type: Auto Insurance
Policyholder: Noel Young (CUST-0087)
Address: 987 Cedar Ct, Nashville, TN 37201

Effective Date: 2024-05-06
Expiration Date: 2027-01-20
Status: Active
Annual Premium: $1,040.13
Payment Frequency: Monthly

COVERAGES
---------
  - Liability: Limit $139,000.00, Deductible $0.00
  - Collision: Limit $57,000.00, Deductible $1,900.00

IMPORTANT NOTICES
-----------------
This policy is subject to all terms, conditions, and exclusions described in the full policy contract. Coverage limits represent the maximum amount payable per occurrence. Deductibles are the amount the policyholder must pay before coverage applies. Premium amounts are subject to change at renewal based on claims history, coverage changes, and applicable rate filings. Contact your agent for questions about your coverage.
",2024-05-01T00:00:00
DOC-POL-000227,CUST-0088,POL-000227,,policy_summary,Auto Insurance Policy POL-000227 for Val Ward,"POLICY SUMMARY DOCUMENT
=======================

Policy Number: POL-000227
Policy Type: Auto Insurance
Policyholder: Val Ward (CUST-0088)
Address: 147 Birch Way, Charlotte, NC 28201

Effective Date: 2024-03-16
Expiration Date: 2026-11-11
Status: Active
Annual Premium: $967.62
Payment Frequency: Monthly

COVERAGES
---------
  - Liability: Limit $388,000.00, Deductible $0.00
  - Collision: Limit $66,000.00, Deductible $1,000.00

IMPORTANT NOTICES
-----------------
This policy is subject to all terms, conditions, and exclusions described in the full policy contract. Coverage limits represent the maximum amount payable per occurrence. Deductibles are the amount the policyholder must pay before coverage applies. Premium amounts are subject to change at renewal based on claims history, coverage changes, and applicable rate filings. Contact your agent for questions about your coverage.
",2024-03-11T00:00:00
DOC-POL-000228,CUST-0088,POL-000228,,policy_summary,Auto Insurance Policy POL-000228 for Val Ward,"POLICY SUMMARY DOCUMENT
=======================

Policy Number: POL-000228
Policy Type: Auto Insurance
Policyholder: Val Ward (CUST-0088)
Address: 147 Birch Way, Charlotte, NC 28201

Effective Date: 2024-10-22
Expiration Date: 2027-04-10
Status: Active
Annual Premium: $1,856.72
Payment Frequency: Monthly

COVERAGES
---------
  - Liability: Limit $356,000.00, Deductible $0.00
  - Collision: Limit $26,000.00, Deductible $1,100.00

IMPORTANT NOTICES
-----------------
This policy is subject to all terms, conditions, and exclusions described in the full policy contract. Coverage limits represent the maximum amount payable per occurrence. Deductibles are the amount the policyholder must pay before coverage applies. Premium amounts are subject to change at renewal based on claims history, coverage changes, and applicable rate filings. Contact your agent for questions about your coverage.
",2024-10-17T00:00:00
DOC-POL-000229,CUST-0089,POL-000229,,policy_summary,Renters Insurance Policy POL-000229 for Lane Baker,"POLICY SUMMARY DOCUMENT
=======================

Policy Number: POL-000229
Policy Type: Renters Insurance
Policyholder: Lane Baker (CUST-0089)
Address: 915 Hickory Ln, Kansas City, MO 64101

Effective Date: 2024-06-10
Expiration Date: 2025-06-10
Status: Renewed
Annual Premium: $524.44
Payment Frequency: Semi Annual

COVERAGES
---------
  - Personal Property: Limit $108,000.00, Deductible $800.00
  - Liability: Limit $228,000.00, Deductible $0.00

IMPORTANT NOTICES
-----------------
This policy is subject to all terms, conditions, and exclusions described in the full policy contract. Coverage limits represent the maximum amount payable per occurrence. Deductibles are the amount the policyholder must pay before coverage applies. Premium amounts are subject to change at renewal based on claims history, coverage changes, and applicable rate filings. Contact your agent for questions about your coverage.
",2024-06-05T00:00:00
DOC-POL-000230,CUST-0089,POL-000230,,policy_summary,Auto Insurance Policy POL-000230 for Lane Baker,"POLICY SUMMARY DOCUMENT
=======================

Policy Number: POL-000230
Policy Type: Auto Insurance
Policyholder: Lane Baker (CUST-0089)
Address: 915 Hickory Ln, Kansas City, MO 64101

Effective Date: 2025-01-16
Expiration Date: 2027-01-17
Status: Active
Annual Premium: $1,742.07
Payment Frequency: Monthly

COVERAGES
---------
  - Liability: Limit $424,000.00, Deductible $0.00
  - Collision: Limit $60,000.00, Deductible $800.00

IMPORTANT NOTICES
-----------------
This policy is subject to all terms, conditions, and exclusions described in the full policy contract. Coverage limits represent the maximum amount payable per occurrence. Deductibles are the amount the policyholder must pay before coverage applies. Premium amounts are subject to change at renewal based on claims history, coverage changes, and applicable rate filings. Contact your agent for questions about your coverage.
",2025-01-11T00:00:00
DOC-POL-000231,CUST-0090,POL-000231,,policy_summary,Home Insurance Policy POL-000231 for Jules Howard,"POLICY SUMMARY DOCUMENT
=======================

Policy Number: POL-000231
Policy Type: Home Insurance
Policyholder: Jules Howard (CUST-0090)
Address: 348 Magnolia Blvd, Raleigh, NC 27601

Effective Date: 2025-04-21
Expiration Date: 2027-02-02
Status: Active
Annual Premium: $2,322.77
Payment Frequency: Monthly

COVERAGES
---------
  - Dwelling: Limit $359,000.00, Deductible $2,100.00
  - Personal Property: Limit $154,000.00, Deductible $1,900.00
  - Liability: Limit $325,000.00, Deductible $0.00

IMPORTANT NOTICES
-----------------
This policy is subject to all terms, conditions, and exclusions described in the full policy contract. Coverage limits represent the maximum amount payable per occurrence. Deductibles are the amount the policyholder must pay before coverage applies. Premium amounts are subject to change at renewal based on claims history, coverage changes, and applicable rate filings. Contact your agent for questions about your coverage.
",2025-04-16T00:00:00
DOC-POL-000232,CUST-0090,POL-000232,,policy_summary,Auto Insurance Policy POL-000232 for Jules Howard,"POLICY SUMMARY DOCUMENT
=======================

Policy Number: POL-000232
Policy Type: Auto Insurance
Policyholder: Jules Howard (CUST-0090)
Address: 348 Magnolia Blvd, Raleigh, NC 27601

Effective Date: 2023-08-30
Expiration Date: 2024-08-29
Status: Cancelled
Annual Premium: $1,570.36
Payment Frequency: Monthly

COVERAGES
---------
  - Liability: Limit $426,000.00, Deductible $0.00
  - Collision: Limit $47,000.00, Deductible $1,500.00

IMPORTANT NOTICES
-----------------
This policy is subject to all terms, conditions, and exclusions described in the full policy contract. Coverage limits represent the maximum amount payable per occurrence. Deductibles are the amount the policyholder must pay before coverage applies. Premium amounts are subject to change at renewal based on claims history, coverage changes, and applicable rate filings. Contact your agent for questions about your coverage.
",2023-08-25T00:00:00
DOC-POL-000233,CUST-0091,POL-000233,,policy_summary,Auto Insurance Policy POL-000233 for Terry Stewart,"POLICY SUMMARY DOCUMENT
=======================

Policy Number: POL-000233
Policy Type: Auto Insurance
Policyholder: Terry Stewart (CUST-0091)
Address: 147 Birch Way, Tampa, FL 33601

Effective Date: 2024-05-16
Expiration Date: 2026-12-15
Status: Active
Annual Premium: $1,973.27
Payment Frequency: Monthly

COVERAGES
---------
  - Liability: Limit $205,000.00, Deductible $0.00
  - Collision: Limit $39,000.00, Deductible $1,800.00
  - Comprehensive: Limit $33,000.00, Deductible $200.00

IMPORTANT NOTICES
-----------------
This policy is subject to all terms, conditions, and exclusions described in the full policy contract. Coverage limits represent the maximum amount payable per occurrence. Deductibles are the amount the policyholder must pay before coverage applies. Premium amounts are subject to change at renewal based on claims history, coverage changes, and applicable rate filings. Contact your agent for questions about your coverage.
",2024-05-11T00:00:00
DOC-POL-000234,CUST-0091,POL-000234,,policy_summary,Auto Insurance Policy POL-000234 for Terry Stewart,"POLICY SUMMARY DOCUMENT
=======================

Policy Number: POL-000234
Policy Type: Auto Insurance
Policyholder: Terry Stewart (CUST-0091)
Address: 147 Birch Way, Tampa, FL 33601

Effective Date: 2023-10-09
Expiration Date: 2024-10-08
Status: Cancelled
Annual Premium: $1,157.89
Payment Frequency: Monthly

COVERAGES
---------
  - Liability: Limit $322,000.00, Deductible $0.00
  - Collision: Limit $63,000.00, Deductible $2,000.00

IMPORTANT NOTICES
-----------------
This policy is subject to all terms, conditions, and exclusions described in the full policy contract. Coverage limits represent the maximum amount payable per occurrence. Deductibles are the amount the policyholder must pay before coverage applies. Premium amounts are subject to change at renewal based on claims history, coverage changes, and applicable rate filings. Contact your agent for questions about your coverage.
",2023-10-04T00:00:00
DOC-POL-000235,CUST-0091,POL-000235,,policy_summary,Renters Insurance Policy POL-000235 for Terry Stewart,"POLICY SUMMARY DOCUMENT
=======================

Policy Number: POL-000235
Policy Type: Renters Insurance
Policyholder: Terry Stewart (CUST-0091)
Address: 147 Birch Way, Tampa, FL 33601

Effective Date: 2024-05-29
Expiration Date: 2027-05-20
Status: Active
Annual Premium: $546.54
Payment Frequency: Monthly

COVERAGES
---------
  - Personal Property: Limit $189,000.00, Deductible $600.00
  - Liability: Limit $219,000.00, Deductible $0.00

IMPORTANT NOTICES
-----------------
This policy is subject to all terms, conditions, and exclusions described in the full policy contract. Coverage limits represent the maximum amount payable per occurrence. Deductibles are the amount the policyholder must pay before coverage applies. Premium amounts are subject to change at renewal based on claims history, coverage changes, and applicable rate filings. Contact your agent for questions about your coverage.
",2024-05-24T00:00:00
DOC-POL-000236,CUST-0091,POL-000236,,policy_summary,Umbrella Insurance Policy POL-000236 for Terry Stewart,"POLICY SUMMARY DOCUMENT
=======================

Policy Number: POL-000236
Policy Type: Umbrella Insurance
Policyholder: Terry Stewart (CUST-0091)
Address: 147 Birch Way, Tampa, FL 33601

Effective Date: 2025-08-24
Expiration Date: 2026-08-24
Status: Renewed
Annual Premium: $495.89
Payment Frequency: Semi Annual

COVERAGES
---------
  - Umbrella Excess: Limit $4,800,000.00, Deductible $0.00

IMPORTANT NOTICES
-----------------
This policy is subject to all terms, conditions, and exclusions described in the full policy contract. Coverage limits represent the maximum amount payable per occurrence. Deductibles are the amount the policyholder must pay before coverage applies. Premium amounts are subject to change at renewal based on claims history, coverage changes, and applicable rate filings. Contact your agent for questions about your coverage.
",2025-08-19T00:00:00
DOC-POL-000237,CUST-0092,POL-000237,,policy_summary,Umbrella Insurance Policy POL-000237 for Taylor Lewis,"POLICY SUMMARY DOCUMENT
=======================

Policy Number: POL-000237
Policy Type: Umbrella Insurance
Policyholder: Taylor Lewis (CUST-0092)
Address: 123 Main St, Springfield, IL 62701

Effective Date: 2023-11-22
Expiration Date: 2026-10-17
Status: Active
Annual Premium: $589.99
Payment Frequency: Quarterly

COVERAGES
---------
  - Umbrella Excess: Limit $4,865,000.00, Deductible $0.00

IMPORTANT NOTICES
-----------------
This policy is subject to all terms, conditions, and exclusions described in the full policy contract. Coverage limits represent the maximum amount payable per occurrence. Deductibles are the amount the policyholder must pay before coverage applies. Premium amounts are subject to change at renewal based on claims history, coverage changes, and applicable rate filings. Contact your agent for questions about your coverage.
",2023-11-17T00:00:00
DOC-POL-000238,CUST-0092,POL-000238,,policy_summary,Home Insurance Policy POL-000238 for Taylor Lewis,"POLICY SUMMARY DOCUMENT
=======================

Policy Number: POL-000238
Policy Type: Home Insurance
Policyholder: Taylor Lewis (CUST-0092)
Address: 123 Main St, Springfield, IL 62701

Effective Date: 2026-01-21
Expiration Date: 2027-01-21
Status: Active
Annual Premium: $2,328.23
Payment Frequency: Monthly

COVERAGES
---------
  - Dwelling: Limit $417,000.00, Deductible $2,300.00
  - Personal Property: Limit $135,000.00, Deductible $1,600.00

IMPORTANT NOTICES
-----------------
This policy is subject to all terms, conditions, and exclusions described in the full policy contract. Coverage limits represent the maximum amount payable per occurrence. Deductibles are the amount the policyholder must pay before coverage applies. Premium amounts are subject to change at renewal based on claims history, coverage changes, and applicable rate filings. Contact your agent for questions about your coverage.
",2026-01-16T00:00:00
DOC-POL-000239,CUST-0093,POL-000239,,policy_summary,Home Insurance Policy POL-000239 for Blake Green,"POLICY SUMMARY DOCUMENT
=======================

Policy Number: POL-000239
Policy Type: Home Insurance
Policyholder: Blake Green (CUST-0093)
Address: 126 Sycamore Ct, Denver, CO 80201

Effective Date: 2025-09-28
Expiration Date: 2026-09-28
Status: Active
Annual Premium: $2,288.82
Payment Frequency: Quarterly

COVERAGES
---------
  - Dwelling: Limit $350,000.00, Deductible $3,800.00
  - Personal Property: Limit $135,000.00, Deductible $600.00
  - Liability: Limit $109,000.00, Deductible $0.00

IMPORTANT NOTICES
-----------------
This policy is subject to all terms, conditions, and exclusions described in the full policy contract. Coverage limits represent the maximum amount payable per occurrence. Deductibles are the amount the policyholder must pay before coverage applies. Premium amounts are subject to change at renewal based on claims history, coverage changes, and applicable rate filings. Contact your agent for questions about your coverage.
",2025-09-23T00:00:00
DOC-POL-000240,CUST-0093,POL-000240,,policy_summary,Home Insurance Policy POL-000240 for Blake Green,"POLICY SUMMARY DOCUMENT
=======================

Policy Number: POL-000240
Policy Type: Home Insurance
Policyholder: Blake Green (CUST-0093)
Address: 126 Sycamore Ct, Denver, CO 80201

Effective Date: 2025-07-22
Expiration Date: 2027-01-03
Status: Active
Annual Premium: $2,809.21
Payment Frequency: Monthly

COVERAGES
---------
  - Dwelling: Limit $445,000.00, Deductible $4,200.00
  - Personal Property: Limit $154,000.00, Deductible $2,100.00

IMPORTANT NOTICES
-----------------
This policy is subject to all terms, conditions, and exclusions described in the full policy contract. Coverage limits represent the maximum amount payable per occurrence. Deductibles are the amount the policyholder must pay before coverage applies. Premium amounts are subject to change at renewal based on claims history, coverage changes, and applicable rate filings. Contact your agent for questions about your coverage.
",2025-07-17T00:00:00
DOC-POL-000241,CUST-0094,POL-000241,,policy_summary,Renters Insurance Policy POL-000241 for Parker Bell,"POLICY SUMMARY DOCUMENT
=======================

Policy Number: POL-000241
Policy Type: Renters Insurance
Policyholder: Parker Bell (CUST-0094)
Address: 987 Cedar Ct, Charlotte, NC 28201

Effective Date: 2025-10-27
Expiration Date: 2026-10-27
Status: Active
Annual Premium: $679.56
Payment Frequency: Monthly

COVERAGES
---------
  - Personal Property: Limit $199,000.00, Deductible $1,100.00
  - Liability: Limit $396,000.00, Deductible $0.00

IMPORTANT NOTICES
-----------------
This policy is subject to all terms, conditions, and exclusions described in the full policy contract. Coverage limits represent the maximum amount payable per occurrence. Deductibles are the amount the policyholder must pay before coverage applies. Premium amounts are subject to change at renewal based on claims history, coverage changes, and applicable rate filings. Contact your agent for questions about your coverage.
",2025-10-22T00:00:00
DOC-POL-000242,CUST-0094,POL-000242,,policy_summary,Home Insurance Policy POL-000242 for Parker Bell,"POLICY SUMMARY DOCUMENT
=======================

Policy Number: POL-000242
Policy Type: Home Insurance
Policyholder: Parker Bell (CUST-0094)
Address: 987 Cedar Ct, Charlotte, NC 28201

Effective Date: 2024-03-21
Expiration Date: 2027-04-27
Status: Active
Annual Premium: $2,650.21
Payment Frequency: Monthly

COVERAGES
---------
  - Dwelling: Limit $475,000.00, Deductible $3,300.00
  - Personal Property: Limit $88,000.00, Deductible $1,500.00

IMPORTANT NOTICES
-----------------
This policy is subject to all terms, conditions, and exclusions described in the full policy contract. Coverage limits represent the maximum amount payable per occurrence. Deductibles are the amount the policyholder must pay before coverage applies. Premium amounts are subject to change at renewal based on claims history, coverage changes, and applicable rate filings. Contact your agent for questions about your coverage.
",2024-03-16T00:00:00
DOC-POL-000243,CUST-0095,POL-000243,,policy_summary,Renters Insurance Policy POL-000243 for Quinn Perez,"POLICY SUMMARY DOCUMENT
=======================

Policy Number: POL-000243
Policy Type: Renters Insurance
Policyholder: Quinn Perez (CUST-0095)
Address: 672 Laurel Ave, Denver, CO 80201

Effective Date: 2025-11-08
Expiration Date: 2026-11-08
Status: Active
Annual Premium: $438.51
Payment Frequency: Quarterly

COVERAGES
---------
  - Personal Property: Limit $191,000.00, Deductible $2,100.00
  - Liability: Limit $141,000.00, Deductible $0.00

IMPORTANT NOTICES
-----------------
This policy is subject to all terms, conditions, and exclusions described in the full policy contract. Coverage limits represent the maximum amount payable per occurrence. Deductibles are the amount the policyholder must pay before coverage applies. Premium amounts are subject to change at renewal based on claims history, coverage changes, and applicable rate filings. Contact your agent for questions about your coverage.
",2025-11-03T00:00:00
DOC-POL-000244,CUST-0095,POL-000244,,policy_summary,Home Insurance Policy POL-000244 for Quinn Perez,"POLICY SUMMARY DOCUMENT
=======================

Policy Number: POL-000244
Policy Type: Home Insurance
Policyholder: Quinn Perez (CUST-0095)
Address: 672 Laurel Ave, Denver, CO 80201

Effective Date: 2026-01-29
Expiration Date: 2027-01-29
Status: Active
Annual Premium: $1,453.79
Payment Frequency: Quarterly

COVERAGES
---------
  - Dwelling: Limit $494,000.00, Deductible $3,100.00
  - Personal Property: Limit $130,000.00, Deductible $1,300.00

IMPORTANT NOTICES
-----------------
This policy is subject to all terms, conditions, and exclusions described in the full policy contract. Coverage limits represent the maximum amount payable per occurrence. Deductibles are the amount the policyholder must pay before coverage applies. Premium amounts are subject to change at renewal based on claims history, coverage changes, and applicable rate filings. Contact your agent for questions about your coverage.
",2026-01-24T00:00:00
DOC-POL-000245,CUST-0095,POL-000245,,policy_summary,Auto Insurance Policy POL-000245 for Quinn Perez,"POLICY SUMMARY DOCUMENT
=======================

Policy Number: POL-000245
Policy Type: Auto Insurance
Policyholder: Quinn Perez (CUST-0095)
Address: 672 Laurel Ave, Denver, CO 80201

Effective Date: 2023-10-11
Expiration Date: 2027-05-08
Status: Active
Annual Premium: $1,378.51
Payment Frequency: Monthly

COVERAGES
---------
  - Liability: Limit $243,000.00, Deductible $0.00
  - Collision: Limit $54,000.00, Deductible $500.00
  - Comprehensive: Limit $55,000.00, Deductible $200.00

IMPORTANT NOTICES
-----------------
This policy is subject to all terms, conditions, and exclusions described in the full policy contract. Coverage limits represent the maximum amount payable per occurrence. Deductibles are the amount the policyholder must pay before coverage applies. Premium amounts are subject to change at renewal based on claims history, coverage changes, and applicable rate filings. Contact your agent for questions about your coverage.
",2023-10-06T00:00:00
DOC-POL-000246,CUST-0096,POL-000246,,policy_summary,Renters Insurance Policy POL-000246 for Lee Wright,"POLICY SUMMARY DOCUMENT
=======================

Policy Number: POL-000246
Policy Type: Renters Insurance
Policyholder: Lee Wright (CUST-0096)
Address: 123 Main St, Charlotte, NC 28201

Effective Date: 2025-05-13
Expiration Date: 2027-05-24
Status: Active
Annual Premium: $613.91
Payment Frequency: Monthly

COVERAGES
---------
  - Personal Property: Limit $61,000.00, Deductible $500.00
  - Liability: Limit $410,000.00, Deductible $0.00

IMPORTANT NOTICES
-----------------
This policy is subject to all terms, conditions, and exclusions described in the full policy contract. Coverage limits represent the maximum amount payable per occurrence. Deductibles are the amount the policyholder must pay before coverage applies. Premium amounts are subject to change at renewal based on claims history, coverage changes, and applicable rate filings. Contact your agent for questions about your coverage.
",2025-05-08T00:00:00
DOC-POL-000247,CUST-0097,POL-000247,,policy_summary,Home Insurance Policy POL-000247 for Ellis Campbell,"POLICY SUMMARY DOCUMENT
=======================

Policy Number: POL-000247
Policy Type: Home Insurance
Policyholder: Ellis Campbell (CUST-0097)
Address: 471 Ash St, Seattle, WA 98101

Effective Date: 2024-07-22
Expiration Date: 2025-07-22
Status: Renewed
Annual Premium: $2,261.19
Payment Frequency: Semi Annual

COVERAGES
---------
  - Dwelling: Limit $611,000.00, Deductible $3,200.00
  - Personal Property: Limit $141,000.00, Deductible $1,800.00
  - Liability: Limit $223,000.00, Deductible $0.00

IMPORTANT NOTICES
-----------------
This policy is subject to all terms, conditions, and exclusions described in the full policy contract. Coverage limits represent the maximum amount payable per occurrence. Deductibles are the amount the policyholder must pay before coverage applies. Premium amounts are subject to change at renewal based on claims history, coverage changes, and applicable rate filings. Contact your agent for questions about your coverage.
",2024-07-17T00:00:00
DOC-POL-000248,CUST-0097,POL-000248,,policy_summary,Umbrella Insurance Policy POL-000248 for Ellis Campbell,"POLICY SUMMARY DOCUMENT
=======================

Policy Number: POL-000248
Policy Type: Umbrella Insurance
Policyholder: Ellis Campbell (CUST-0097)
Address: 471 Ash St, Seattle, WA 98101

Effective Date: 2023-09-21
Expiration Date: 2026-09-12
Status: Active
Annual Premium: $787.57
Payment Frequency: Monthly

COVERAGES
---------
  - Umbrella Excess: Limit $1,229,000.00, Deductible $0.00

IMPORTANT NOTICES
-----------------
This policy is subject to all terms, conditions, and exclusions described in the full policy contract. Coverage limits represent the maximum amount payable per occurrence. Deductibles are the amount the policyholder must pay before coverage applies. Premium amounts are subject to change at renewal based on claims history, coverage changes, and applicable rate filings. Contact your agent for questions about your coverage.
",2023-09-16T00:00:00
DOC-POL-000249,CUST-0097,POL-000249,,policy_summary,Umbrella Insurance Policy POL-000249 for Ellis Campbell,"POLICY SUMMARY DOCUMENT
=======================

Policy Number: POL-000249
Policy Type: Umbrella Insurance
Policyholder: Ellis Campbell (CUST-0097)
Address: 471 Ash St, Seattle, WA 98101

Effective Date: 2026-01-31
Expiration Date: 2027-01-31
Status: Renewed
Annual Premium: $388.85
Payment Frequency: Monthly

COVERAGES
---------
  - Umbrella Excess: Limit $2,898,000.00, Deductible $0.00

IMPORTANT NOTICES
-----------------
This policy is subject to all terms, conditions, and exclusions described in the full policy contract. Coverage limits represent the maximum amount payable per occurrence. Deductibles are the amount the policyholder must pay before coverage applies. Premium amounts are subject to change at renewal based on claims history, coverage changes, and applicable rate filings. Contact your agent for questions about your coverage.
",2026-01-26T00:00:00
DOC-POL-000250,CUST-0098,POL-000250,,policy_summary,Renters Insurance Policy POL-000250 for Avery Morgan,"POLICY SUMMARY DOCUMENT
=======================

Policy Number: POL-000250
Policy Type: Renters Insurance
Policyholder: Avery Morgan (CUST-0098)
Address: 561 Hawthorn St, Boston, MA 02101

Effective Date: 2026-01-25
Expiration Date: 2027-01-25
Status: Active
Annual Premium: $333.68
Payment Frequency: Monthly

COVERAGES
---------
  - Personal Property: Limit $109,000.00, Deductible $1,800.00
  - Liability: Limit $307,000.00, Deductible $0.00

IMPORTANT NOTICES
-----------------
This policy is subject to all terms, conditions, and exclusions described in the full policy contract. Coverage limits represent the maximum amount payable per occurrence. Deductibles are the amount the policyholder must pay before coverage applies. Premium amounts are subject to change at renewal based on claims history, coverage changes, and applicable rate filings. Contact your agent for questions about your coverage.
",2026-01-20T00:00:00
DOC-EMAIL-000001,CUST-001,POL-000002,INT-000004,email,Follow-up on claim status,"Hi,

I am following up on the status of my recent claim. I filed it approximately 17 days ago and wanted to check if there are any updates or if you need any additional documentation from me.

My policy number is POL-000002 and my customer ID is CUST-001. Please let me know the current status and expected timeline.

Thank you,
Maria Chen
",2025-11-19T11:00:00
DOC-EMAIL-000002,CUST-001,POL-000002,INT-000003,email,Coverage question for my home policy,"Hi there,

I would like to understand what exactly is covered under my current home policy (POL-000002). Specifically, I want to know:

1. What are my current coverage limits?
2. What is my deductible for each type of coverage?
3. Are there any gaps in my coverage I should be aware of?

I want to make sure I have adequate protection. Please send me a detailed breakdown or schedule a call to discuss.

Best regards,
Maria Chen
",2026-01-18T10:30:00
DOC-EMAIL-000003,CUST-001,POL-000001,INT-000002,email,Frustrated with claim processing delay,"Dear Customer Service,

I am writing to express my frustration with the delay in processing my claim. It has been over 25 days since I filed and I have not received any meaningful update on the status. Every time I call, I am told someone will get back to me, but nobody does.

As a loyal customer of 3 years, I expect better service than this. I need someone to take ownership of this issue and provide me with a clear timeline for resolution.

Please contact me at your earliest convenience.

Sincerely,
Maria Chen
Policy: POL-000001
",2026-08-06T09:15:00
DOC-EMAIL-000004,CUST-002,POL-000003,INT-000007,email,Thank you for the excellent service,"Hello,

I just wanted to take a moment to thank your team for the excellent service I received recently. My representative was knowledgeable, patient, and resolved my issue quickly.

It is refreshing to work with a company that values its customers. I have been with you for 2 years and experiences like this are why I stay.

Keep up the great work!

Warm regards,
James Rodriguez
",2026-08-11T13:00:00
DOC-EMAIL-000005,CUST-002,POL-000003,INT-000005,email,Frustrated with claim processing delay,"Dear Customer Service,

I am writing to express my frustration with the delay in processing my claim. It has been over 22 days since I filed and I have not received any meaningful update on the status. Every time I call, I am told someone will get back to me, but nobody does.

As a loyal customer of 2 years, I expect better service than this. I need someone to take ownership of this issue and provide me with a clear timeline for resolution.

Please contact me at your earliest convenience.

Sincerely,
James Rodriguez
Policy: POL-000003
",2026-06-27T15:30:00
DOC-EMAIL-000006,CUST-002,POL-000003,INT-000006,email,Follow-up on claim status,"Hi,

I am following up on the status of my recent claim. I filed it approximately 40 days ago and wanted to check if there are any updates or if you need any additional documentation from me.

My policy number is POL-000003 and my customer ID is CUST-002. Please let me know the current status and expected timeline.

Thank you,
James Rodriguez
",2026-07-22T10:45:00
DOC-EMAIL-000007,CUST-003,POL-000005,INT-000009,email,Frustrated with claim processing delay,"Dear Customer Service,

I am writing to express my frustration with the delay in processing my claim. It has been over 14 days since I filed and I have not received any meaningful update on the status. Every time I call, I am told someone will get back to me, but nobody does.

As a loyal customer of 5 years, I expect better service than this. I need someone to take ownership of this issue and provide me with a clear timeline for resolution.

Please contact me at your earliest convenience.

Sincerely,
Patricia Williams
Policy: POL-000005
",2026-08-01T14:30:00
DOC-EMAIL-000008,CUST-004,POL-000006,INT-000011,email,Follow-up on claim status,"Hi,

I am following up on the status of my recent claim. I filed it approximately 35 days ago and wanted to check if there are any updates or if you need any additional documentation from me.

My policy number is POL-000006 and my customer ID is CUST-004. Please let me know the current status and expected timeline.

Thank you,
Robert Thompson
",2026-07-17T11:15:00
DOC-EMAIL-000009,CUST-005,POL-000007,INT-000013,email,Follow-up on claim status,"Hi,

I am following up on the status of my recent claim. I filed it approximately 32 days ago and wanted to check if there are any updates or if you need any additional documentation from me.

My policy number is POL-000007 and my customer ID is CUST-005. Please let me know the current status and expected timeline.

Thank you,
Linda Martinez
",2025-12-24T10:30:00
DOC-EMAIL-000010,CUST-006,POL-000008,INT-000014,email,Follow-up on claim status,"Hi,

I am following up on the status of my recent claim. I filed it approximately 29 days ago and wanted to check if there are any updates or if you need any additional documentation from me.

My policy number is POL-000008 and my customer ID is CUST-006. Please let me know the current status and expected timeline.

Thank you,
Michael Davis
",2026-07-17T14:00:00
DOC-EMAIL-000011,CUST-006,POL-000008,INT-000014,email,Frustrated with claim processing delay,"Dear Customer Service,

I am writing to express my frustration with the delay in processing my claim. It has been over 39 days since I filed and I have not received any meaningful update on the status. Every time I call, I am told someone will get back to me, but nobody does.

As a loyal customer of 2 years, I expect better service than this. I need someone to take ownership of this issue and provide me with a clear timeline for resolution.

Please contact me at your earliest convenience.

Sincerely,
Michael Davis
Policy: POL-000008
",2026-07-17T14:00:00
DOC-EMAIL-000012,CUST-007,POL-000009,INT-000017,email,Follow-up on claim status,"Hi,

I am following up on the status of my recent claim. I filed it approximately 28 days ago and wanted to check if there are any updates or if you need any additional documentation from me.

My policy number is POL-000009 and my customer ID is CUST-007. Please let me know the current status and expected timeline.

Thank you,
Jennifer Garcia
",2026-08-01T10:00:00
DOC-EMAIL-000013,CUST-007,POL-000009,INT-000017,email,Question about premium increase on my policy,"Hello,

I just received my renewal notice and was shocked to see that my premium has increased significantly. I have had no claims in the past year and my driving record is clean. I do not understand why my rate went up.

Can someone please review my account and explain the increase? I have been a customer for 3 years and would hate to have to shop around for a new provider, but I need this to make sense.

Thank you,
Jennifer Garcia
Policy: POL-000009
",2026-08-01T10:00:00
DOC-EMAIL-000014,CUST-008,POL-000010,INT-000019,email,Frustrated with claim processing delay,"Dear Customer Service,

I am writing to express my frustration with the delay in processing my claim. It has been over 22 days since I filed and I have not received any meaningful update on the status. Every time I call, I am told someone will get back to me, but nobody does.

As a loyal customer of 2 years, I expect better service than this. I need someone to take ownership of this issue and provide me with a clear timeline for resolution.

Please contact me at your earliest convenience.

Sincerely,
William Anderson
Policy: POL-000010
",2026-07-27T11:00:00
DOC-EMAIL-000015,CUST-009,POL-000011,INT-000020,email,Follow-up on claim status,"Hi,

I am following up on the status of my recent claim. I filed it approximately 22 days ago and wanted to check if there are any updates or if you need any additional documentation from me.

My policy number is POL-000011 and my customer ID is CUST-009. Please let me know the current status and expected timeline.

Thank you,
Elizabeth Taylor
",2026-08-11T09:30:00
DOC-EMAIL-000016,CUST-010,POL-000012,INT-000021,email,Coverage question for my renters policy,"Hi there,

I would like to understand what exactly is covered under my current renters policy (POL-000012). Specifically, I want to know:

1. What are my current coverage limits?
2. What is my deductible for each type of coverage?
3. Are there any gaps in my coverage I should be aware of?

I want to make sure I have adequate protection. Please send me a detailed breakdown or schedule a call to discuss.

Best regards,
Daniel Moore
",2026-06-27T13:15:00
DOC-EMAIL-000017,CUST-010,POL-000012,INT-000021,email,Upcoming renewal - what are my options?,"Dear Team,

My renters policy (POL-000012) is coming up for renewal on 2026-10-25. Before it renews, I would like to explore my options:

- Can I get a multi-policy discount if I bundle my coverages?
- Are there any loyalty discounts available for long-term customers?
- What would happen to my rate if I increased my deductible?

I appreciate your help and look forward to hearing back.

Thanks,
Daniel Moore
",2026-06-27T13:15:00
DOC-EMAIL-000018,CUST-010,POL-000012,INT-000021,email,Thank you for the excellent service,"Hello,

I just wanted to take a moment to thank your team for the excellent service I received recently. My representative was knowledgeable, patient, and resolved my issue quickly.

It is refreshing to work with a company that values its customers. I have been with you for 1 years and experiences like this are why I stay.

Keep up the great work!

Warm regards,
Daniel Moore
",2026-06-27T13:15:00
DOC-EMAIL-000019,CUST-011,POL-000015,INT-000022,email,Frustrated with claim processing delay,"Dear Customer Service,

I am writing to express my frustration with the delay in processing my claim. It has been over 42 days since I filed and I have not received any meaningful update on the status. Every time I call, I am told someone will get back to me, but nobody does.

As a loyal customer of 6 years, I expect better service than this. I need someone to take ownership of this issue and provide me with a clear timeline for resolution.

Please contact me at your earliest convenience.

Sincerely,
Richard Wilson
Policy: POL-000015
",2026-07-17T10:45:00
DOC-EMAIL-000020,CUST-011,POL-000014,INT-000022,email,Follow-up on claim status,"Hi,

I am following up on the status of my recent claim. I filed it approximately 43 days ago and wanted to check if there are any updates or if you need any additional documentation from me.

My policy number is POL-000014 and my customer ID is CUST-011. Please let me know the current status and expected timeline.

Thank you,
Richard Wilson
",2026-07-17T10:45:00
DOC-EMAIL-000021,CUST-011,POL-000014,INT-000022,email,Coverage question for my home policy,"Hi there,

I would like to understand what exactly is covered under my current home policy (POL-000014). Specifically, I want to know:

1. What are my current coverage limits?
2. What is my deductible for each type of coverage?
3. Are there any gaps in my coverage I should be aware of?

I want to make sure I have adequate protection. Please send me a detailed breakdown or schedule a call to discuss.

Best regards,
Richard Wilson
",2026-07-17T10:45:00
DOC-EMAIL-000022,CUST-011B,POL-000016,INT-000026,email,Frustrated with claim processing delay,"Dear Customer Service,

I am writing to express my frustration with the delay in processing my claim. It has been over 15 days since I filed and I have not received any meaningful update on the status. Every time I call, I am told someone will get back to me, but nobody does.

As a loyal customer of 6 years, I expect better service than this. I need someone to take ownership of this issue and provide me with a clear timeline for resolution.

Please contact me at your earliest convenience.

Sincerely,
Susan Wilson
Policy: POL-000016
",2026-05-08T12:51:00
DOC-EMAIL-000023,CUST-011B,POL-000016,INT-000026,email,Frustrated with claim processing delay,"Dear Customer Service,

I am writing to express my frustration with the delay in processing my claim. It has been over 36 days since I filed and I have not received any meaningful update on the status. Every time I call, I am told someone will get back to me, but nobody does.

As a loyal customer of 6 years, I expect better service than this. I need someone to take ownership of this issue and provide me with a clear timeline for resolution.

Please contact me at your earliest convenience.

Sincerely,
Susan Wilson
Policy: POL-000016
",2026-05-08T12:51:00
DOC-EMAIL-000024,CUST-011B,POL-000020,INT-000027,email,Question about premium increase on my policy,"Hello,

I just received my renewal notice and was shocked to see that my premium has increased significantly. I have had no claims in the past year and my driving record is clean. I do not understand why my rate went up.

Can someone please review my account and explain the increase? I have been a customer for 6 years and would hate to have to shop around for a new provider, but I need this to make sense.

Thank you,
Susan Wilson
Policy: POL-000020
",2025-10-24T08:48:00
DOC-EMAIL-000025,CUST-012,POL-000018,INT-000025,email,Follow-up on claim status,"Hi,

I am following up on the status of my recent claim. I filed it approximately 8 days ago and wanted to check if there are any updates or if you need any additional documentation from me.

My policy number is POL-000018 and my customer ID is CUST-012. Please let me know the current status and expected timeline.

Thank you,
Thomas Clark
",2026-04-23T16:00:00
DOC-EMAIL-000026,CUST-012,POL-000017,INT-000023,email,Coverage question for my auto policy,"Hi there,

I would like to understand what exactly is covered under my current auto policy (POL-000017). Specifically, I want to know:

1. What are my current coverage limits?
2. What is my deductible for each type of coverage?
3. Are there any gaps in my coverage I should be aware of?

I want to make sure I have adequate protection. Please send me a detailed breakdown or schedule a call to discuss.

Best regards,
Thomas Clark
",2026-07-12T14:00:00
DOC-EMAIL-000027,CUST-0013,POL-000024,INT-000028,email,Follow-up on claim status,"Hi,

I am following up on the status of my recent claim. I filed it approximately 23 days ago and wanted to check if there are any updates or if you need any additional documentation from me.

My policy number is POL-000024 and my customer ID is CUST-0013. Please let me know the current status and expected timeline.

Thank you,
Hayden Anderson
",2026-07-29T10:44:00
DOC-EMAIL-000028,CUST-0013,POL-000022,INT-000028,email,Question about premium increase on my policy,"Hello,

I just received my renewal notice and was shocked to see that my premium has increased significantly. I have had no claims in the past year and my driving record is clean. I do not understand why my rate went up.

Can someone please review my account and explain the increase? I have been a customer for 15 years and would hate to have to shop around for a new provider, but I need this to make sense.

Thank you,
Hayden Anderson
Policy: POL-000022
",2026-07-29T10:44:00
DOC-EMAIL-000029,CUST-0013,POL-000023,INT-000028,email,Upcoming renewal - what are my options?,"Dear Team,

My home policy (POL-000023) is coming up for renewal on 2027-01-10. Before it renews, I would like to explore my options:

- Can I get a multi-policy discount if I bundle my coverages?
- Are there any loyalty discounts available for long-term customers?
- What would happen to my rate if I increased my deductible?

I appreciate your help and look forward to hearing back.

Thanks,
Hayden Anderson
",2026-07-29T10:44:00
DOC-EMAIL-000030,CUST-0014,POL-000026,INT-000029,email,Follow-up on claim status,"Hi,

I am following up on the status of my recent claim. I filed it approximately 8 days ago and wanted to check if there are any updates or if you need any additional documentation from me.

My policy number is POL-000026 and my customer ID is CUST-0014. Please let me know the current status and expected timeline.

Thank you,
Orion Perez
",2026-04-28T14:21:00
DOC-EMAIL-000031,CUST-0014,POL-000029,INT-000029,email,Follow-up on claim status,"Hi,

I am following up on the status of my recent claim. I filed it approximately 35 days ago and wanted to check if there are any updates or if you need any additional documentation from me.

My policy number is POL-000029 and my customer ID is CUST-0014. Please let me know the current status and expected timeline.

Thank you,
Orion Perez
",2026-04-28T14:21:00
DOC-EMAIL-000032,CUST-0015,POL-000030,INT-000031,email,Coverage question for my home policy,"Hi there,

I would like to understand what exactly is covered under my current home policy (POL-000030). Specifically, I want to know:

1. What are my current coverage limits?
2. What is my deductible for each type of coverage?
3. Are there any gaps in my coverage I should be aware of?

I want to make sure I have adequate protection. Please send me a detailed breakdown or schedule a call to discuss.

Best regards,
Drew Adams
",2026-06-27T11:48:00
DOC-EMAIL-000033,CUST-0015,POL-000031,INT-000031,email,Frustrated with claim processing delay,"Dear Customer Service,

I am writing to express my frustration with the delay in processing my claim. It has been over 34 days since I filed and I have not received any meaningful update on the status. Every time I call, I am told someone will get back to me, but nobody does.

As a loyal customer of 1 years, I expect better service than this. I need someone to take ownership of this issue and provide me with a clear timeline for resolution.

Please contact me at your earliest convenience.

Sincerely,
Drew Adams
Policy: POL-000031
",2026-06-27T11:48:00
DOC-EMAIL-000034,CUST-0016,POL-000036,INT-000032,email,Thank you for the excellent service,"Hello,

I just wanted to take a moment to thank your team for the excellent service I received recently. My representative was knowledgeable, patient, and resolved my issue quickly.

It is refreshing to work with a company that values its customers. I have been with you for 12 years and experiences like this are why I stay.

Keep up the great work!

Warm regards,
Terry Johnson
",2026-07-30T13:06:00
DOC-EMAIL-000035,CUST-0016,POL-000034,INT-000032,email,Follow-up on claim status,"Hi,

I am following up on the status of my recent claim. I filed it approximately 36 days ago and wanted to check if there are any updates or if you need any additional documentation from me.

My policy number is POL-000034 and my customer ID is CUST-0016. Please let me know the current status and expected timeline.

Thank you,
Terry Johnson
",2026-07-30T13:06:00
DOC-EMAIL-000036,CUST-0017,POL-000038,INT-000037,email,Frustrated with claim processing delay,"Dear Customer Service,

I am writing to express my frustration with the delay in processing my claim. It has been over 40 days since I filed and I have not received any meaningful update on the status. Every time I call, I am told someone will get back to me, but nobody does.

As a loyal customer of 11 years, I expect better service than this. I need someone to take ownership of this issue and provide me with a clear timeline for resolution.

Please contact me at your earliest convenience.

Sincerely,
Pat Howard
Policy: POL-000038
",2026-08-03T08:46:00
DOC-EMAIL-000037,CUST-0017,POL-000038,INT-000036,email,Question about premium increase on my policy,"Hello,

I just received my renewal notice and was shocked to see that my premium has increased significantly. I have had no claims in the past year and my driving record is clean. I do not understand why my rate went up.

Can someone please review my account and explain the increase? I have been a customer for 11 years and would hate to have to shop around for a new provider, but I need this to make sense.

Thank you,
Pat Howard
Policy: POL-000038
",2026-02-09T12:51:00
DOC-EMAIL-000038,CUST-0017,POL-000040,INT-000035,email,Upcoming renewal - what are my options?,"Dear Team,

My home policy (POL-000040) is coming up for renewal on 2026-12-29. Before it renews, I would like to explore my options:

- Can I get a multi-policy discount if I bundle my coverages?
- Are there any loyalty discounts available for long-term customers?
- What would happen to my rate if I increased my deductible?

I appreciate your help and look forward to hearing back.

Thanks,
Pat Howard
",2026-03-24T13:38:00
DOC-EMAIL-000039,CUST-0018,POL-000044,INT-000040,email,Thank you for the excellent service,"Hello,

I just wanted to take a moment to thank your team for the excellent service I received recently. My representative was knowledgeable, patient, and resolved my issue quickly.

It is refreshing to work with a company that values its customers. I have been with you for 5 years and experiences like this are why I stay.

Keep up the great work!

Warm regards,
Taylor Carter
",2025-11-10T14:05:00
DOC-EMAIL-000040,CUST-0018,POL-000043,INT-000040,email,Frustrated with claim processing delay,"Dear Customer Service,

I am writing to express my frustration with the delay in processing my claim. It has been over 35 days since I filed and I have not received any meaningful update on the status. Every time I call, I am told someone will get back to me, but nobody does.

As a loyal customer of 5 years, I expect better service than this. I need someone to take ownership of this issue and provide me with a clear timeline for resolution.

Please contact me at your earliest convenience.

Sincerely,
Taylor Carter
Policy: POL-000043
",2025-11-10T14:05:00
DOC-EMAIL-000041,CUST-0018,POL-000043,INT-000039,email,Frustrated with claim processing delay,"Dear Customer Service,

I am writing to express my frustration with the delay in processing my claim. It has been over 44 days since I filed and I have not received any meaningful update on the status. Every time I call, I am told someone will get back to me, but nobody does.

As a loyal customer of 5 years, I expect better service than this. I need someone to take ownership of this issue and provide me with a clear timeline for resolution.

Please contact me at your earliest convenience.

Sincerely,
Taylor Carter
Policy: POL-000043
",2026-08-19T09:59:00
DOC-EMAIL-000042,CUST-0019,POL-000046,INT-000042,email,Coverage question for my auto policy,"Hi there,

I would like to understand what exactly is covered under my current auto policy (POL-000046). Specifically, I want to know:

1. What are my current coverage limits?
2. What is my deductible for each type of coverage?
3. Are there any gaps in my coverage I should be aware of?

I want to make sure I have adequate protection. Please send me a detailed breakdown or schedule a call to discuss.

Best regards,
Cedar Scott
",2026-06-01T17:56:00
DOC-EMAIL-000043,CUST-0019,POL-000046,INT-000041,email,Question about premium increase on my policy,"Hello,

I just received my renewal notice and was shocked to see that my premium has increased significantly. I have had no claims in the past year and my driving record is clean. I do not understand why my rate went up.

Can someone please review my account and explain the increase? I have been a customer for 10 years and would hate to have to shop around for a new provider, but I need this to make sense.

Thank you,
Cedar Scott
Policy: POL-000046
",2026-08-10T16:18:00
DOC-EMAIL-000044,CUST-0020,POL-000049,INT-000043,email,Thank you for the excellent service,"Hello,

I just wanted to take a moment to thank your team for the excellent service I received recently. My representative was knowledgeable, patient, and resolved my issue quickly.

It is refreshing to work with a company that values its customers. I have been with you for 4 years and experiences like this are why I stay.

Keep up the great work!

Warm regards,
Cameron Mitchell
",2025-12-06T13:36:00
DOC-EMAIL-000045,CUST-0020,POL-000048,INT-000043,email,Coverage question for my auto policy,"Hi there,

I would like to understand what exactly is covered under my current auto policy (POL-000048). Specifically, I want to know:

1. What are my current coverage limits?
2. What is my deductible for each type of coverage?
3. Are there any gaps in my coverage I should be aware of?

I want to make sure I have adequate protection. Please send me a detailed breakdown or schedule a call to discuss.

Best regards,
Cameron Mitchell
",2025-12-06T13:36:00
DOC-EMAIL-000046,CUST-0020,POL-000049,INT-000043,email,Upcoming renewal - what are my options?,"Dear Team,

My auto policy (POL-000049) is coming up for renewal on 2026-09-20. Before it renews, I would like to explore my options:

- Can I get a multi-policy discount if I bundle my coverages?
- Are there any loyalty discounts available for long-term customers?
- What would happen to my rate if I increased my deductible?

I appreciate your help and look forward to hearing back.

Thanks,
Cameron Mitchell
",2025-12-06T13:36:00
DOC-EMAIL-000047,CUST-0021,POL-000051,INT-000045,email,Coverage question for my home policy,"Hi there,

I would like to understand what exactly is covered under my current home policy (POL-000051). Specifically, I want to know:

1. What are my current coverage limits?
2. What is my deductible for each type of coverage?
3. Are there any gaps in my coverage I should be aware of?

I want to make sure I have adequate protection. Please send me a detailed breakdown or schedule a call to discuss.

Best regards,
Noel Johnson
",2025-09-16T09:02:00
DOC-EMAIL-000048,CUST-0021,POL-000050,INT-000045,email,Question about premium increase on my policy,"Hello,

I just received my renewal notice and was shocked to see that my premium has increased significantly. I have had no claims in the past year and my driving record is clean. I do not understand why my rate went up.

Can someone please review my account and explain the increase? I have been a customer for 8 years and would hate to have to shop around for a new provider, but I need this to make sense.

Thank you,
Noel Johnson
Policy: POL-000050
",2025-09-16T09:02:00
DOC-EMAIL-000049,CUST-0022,POL-000056,INT-000049,email,Thank you for the excellent service,"Hello,

I just wanted to take a moment to thank your team for the excellent service I received recently. My representative was knowledgeable, patient, and resolved my issue quickly.

It is refreshing to work with a company that values its customers. I have been with you for 8 years and experiences like this are why I stay.

Keep up the great work!

Warm regards,
Hayden Turner
",2025-10-30T09:24:00
DOC-EMAIL-000050,CUST-0022,POL-000055,INT-000049,email,Follow-up on claim status,"Hi,

I am following up on the status of my recent claim. I filed it approximately 44 days ago and wanted to check if there are any updates or if you need any additional documentation from me.

My policy number is POL-000055 and my customer ID is CUST-0022. Please let me know the current status and expected timeline.

Thank you,
Hayden Turner
",2025-10-30T09:24:00
DOC-EMAIL-000051,CUST-0023,POL-000058,INT-000050,email,Upcoming renewal - what are my options?,"Dear Team,

My auto policy (POL-000058) is coming up for renewal on 2025-10-28. Before it renews, I would like to explore my options:

- Can I get a multi-policy discount if I bundle my coverages?
- Are there any loyalty discounts available for long-term customers?
- What would happen to my rate if I increased my deductible?

I appreciate your help and look forward to hearing back.

Thanks,
Taylor Bell
",2026-05-12T12:29:00
DOC-EMAIL-000052,CUST-0023,POL-000058,INT-000050,email,Frustrated with claim processing delay,"Dear Customer Service,

I am writing to express my frustration with the delay in processing my claim. It has been over 10 days since I filed and I have not received any meaningful update on the status. Every time I call, I am told someone will get back to me, but nobody does.

As a loyal customer of 4 years, I expect better service than this. I need someone to take ownership of this issue and provide me with a clear timeline for resolution.

Please contact me at your earliest convenience.

Sincerely,
Taylor Bell
Policy: POL-000058
",2026-05-12T12:29:00
DOC-EMAIL-000053,CUST-0024,POL-000063,INT-000051,email,Coverage question for my renters policy,"Hi there,

I would like to understand what exactly is covered under my current renters policy (POL-000063). Specifically, I want to know:

1. What are my current coverage limits?
2. What is my deductible for each type of coverage?
3. Are there any gaps in my coverage I should be aware of?

I want to make sure I have adequate protection. Please send me a detailed breakdown or schedule a call to discuss.

Best regards,
Indigo Harris
",2026-07-11T13:10:00
DOC-EMAIL-000054,CUST-0024,POL-000061,INT-000051,email,Coverage question for my umbrella policy,"Hi there,

I would like to understand what exactly is covered under my current umbrella policy (POL-000061). Specifically, I want to know:

1. What are my current coverage limits?
2. What is my deductible for each type of coverage?
3. Are there any gaps in my coverage I should be aware of?

I want to make sure I have adequate protection. Please send me a detailed breakdown or schedule a call to discuss.

Best regards,
Indigo Harris
",2026-07-11T13:10:00
DOC-EMAIL-000055,CUST-0025,POL-000064,INT-000052,email,Frustrated with claim processing delay,"Dear Customer Service,

I am writing to express my frustration with the delay in processing my claim. It has been over 28 days since I filed and I have not received any meaningful update on the status. Every time I call, I am told someone will get back to me, but nobody does.

As a loyal customer of 5 years, I expect better service than this. I need someone to take ownership of this issue and provide me with a clear timeline for resolution.

Please contact me at your earliest convenience.

Sincerely,
Finley Cox
Policy: POL-000064
",2025-11-27T13:22:00
DOC-EMAIL-000056,CUST-0025,POL-000064,INT-000052,email,Question about premium increase on my policy,"Hello,

I just received my renewal notice and was shocked to see that my premium has increased significantly. I have had no claims in the past year and my driving record is clean. I do not understand why my rate went up.

Can someone please review my account and explain the increase? I have been a customer for 5 years and would hate to have to shop around for a new provider, but I need this to make sense.

Thank you,
Finley Cox
Policy: POL-000064
",2025-11-27T13:22:00
DOC-EMAIL-000057,CUST-0026,POL-000066,INT-000053,email,Frustrated with claim processing delay,"Dear Customer Service,

I am writing to express my frustration with the delay in processing my claim. It has been over 29 days since I filed and I have not received any meaningful update on the status. Every time I call, I am told someone will get back to me, but nobody does.

As a loyal customer of 11 years, I expect better service than this. I need someone to take ownership of this issue and provide me with a clear timeline for resolution.

Please contact me at your earliest convenience.

Sincerely,
Ellis Davis
Policy: POL-000066
",2025-10-22T11:42:00
DOC-EMAIL-000058,CUST-0027,POL-000070,INT-000056,email,Frustrated with claim processing delay,"Dear Customer Service,

I am writing to express my frustration with the delay in processing my claim. It has been over 30 days since I filed and I have not received any meaningful update on the status. Every time I call, I am told someone will get back to me, but nobody does.

As a loyal customer of 1 years, I expect better service than this. I need someone to take ownership of this issue and provide me with a clear timeline for resolution.

Please contact me at your earliest convenience.

Sincerely,
Noel Edwards
Policy: POL-000070
",2026-08-01T10:34:00
DOC-EMAIL-000059,CUST-0027,POL-000068,INT-000055,email,Follow-up on claim status,"Hi,

I am following up on the status of my recent claim. I filed it approximately 20 days ago and wanted to check if there are any updates or if you need any additional documentation from me.

My policy number is POL-000068 and my customer ID is CUST-0027. Please let me know the current status and expected timeline.

Thank you,
Noel Edwards
",2026-03-13T09:38:00
DOC-EMAIL-000060,CUST-0028,POL-000071,INT-000057,email,Coverage question for my umbrella policy,"Hi there,

I would like to understand what exactly is covered under my current umbrella policy (POL-000071). Specifically, I want to know:

1. What are my current coverage limits?
2. What is my deductible for each type of coverage?
3. Are there any gaps in my coverage I should be aware of?

I want to make sure I have adequate protection. Please send me a detailed breakdown or schedule a call to discuss.

Best regards,
Kerry Mitchell
",2026-04-25T11:10:00
DOC-EMAIL-000061,CUST-0029,POL-000077,INT-000058,email,Frustrated with claim processing delay,"Dear Customer Service,

I am writing to express my frustration with the delay in processing my claim. It has been over 40 days since I filed and I have not received any meaningful update on the status. Every time I call, I am told someone will get back to me, but nobody does.

As a loyal customer of 3 years, I expect better service than this. I need someone to take ownership of this issue and provide me with a clear timeline for resolution.

Please contact me at your earliest convenience.

Sincerely,
Kerry Johnson
Policy: POL-000077
",2026-05-10T15:24:00
DOC-EMAIL-000062,CUST-0029,POL-000074,INT-000058,email,Question about premium increase on my policy,"Hello,

I just received my renewal notice and was shocked to see that my premium has increased significantly. I have had no claims in the past year and my driving record is clean. I do not understand why my rate went up.

Can someone please review my account and explain the increase? I have been a customer for 3 years and would hate to have to shop around for a new provider, but I need this to make sense.

Thank you,
Kerry Johnson
Policy: POL-000074
",2026-05-10T15:24:00
DOC-EMAIL-000063,CUST-0030,POL-000079,INT-000061,email,Frustrated with claim processing delay,"Dear Customer Service,

I am writing to express my frustration with the delay in processing my claim. It has been over 10 days since I filed and I have not received any meaningful update on the status. Every time I call, I am told someone will get back to me, but nobody does.

As a loyal customer of 4 years, I expect better service than this. I need someone to take ownership of this issue and provide me with a clear timeline for resolution.

Please contact me at your earliest convenience.

Sincerely,
Jules Howard
Policy: POL-000079
",2025-09-30T13:53:00
DOC-EMAIL-000064,CUST-0030,POL-000079,INT-000060,email,Coverage question for my home policy,"Hi there,

I would like to understand what exactly is covered under my current home policy (POL-000079). Specifically, I want to know:

1. What are my current coverage limits?
2. What is my deductible for each type of coverage?
3. Are there any gaps in my coverage I should be aware of?

I want to make sure I have adequate protection. Please send me a detailed breakdown or schedule a call to discuss.

Best regards,
Jules Howard
",2026-04-03T16:14:00
DOC-EMAIL-000065,CUST-0031,POL-000080,INT-000063,email,Frustrated with claim processing delay,"Dear Customer Service,

I am writing to express my frustration with the delay in processing my claim. It has been over 42 days since I filed and I have not received any meaningful update on the status. Every time I call, I am told someone will get back to me, but nobody does.

As a loyal customer of 8 years, I expect better service than this. I need someone to take ownership of this issue and provide me with a clear timeline for resolution.

Please contact me at your earliest convenience.

Sincerely,
Kendall Mitchell
Policy: POL-000080
",2026-02-08T08:51:00
DOC-EMAIL-000066,CUST-0031,POL-000080,INT-000065,email,Upcoming renewal - what are my options?,"Dear Team,

My home policy (POL-000080) is coming up for renewal on 2027-01-09. Before it renews, I would like to explore my options:

- Can I get a multi-policy discount if I bundle my coverages?
- Are there any loyalty discounts available for long-term customers?
- What would happen to my rate if I increased my deductible?

I appreciate your help and look forward to hearing back.

Thanks,
Kendall Mitchell
",2025-10-11T12:04:00
DOC-EMAIL-000067,CUST-0031,POL-000080,INT-000065,email,Frustrated with claim processing delay,"Dear Customer Service,

I am writing to express my frustration with the delay in processing my claim. It has been over 18 days since I filed and I have not received any meaningful update on the status. Every time I call, I am told someone will get back to me, but nobody does.

As a loyal customer of 8 years, I expect better service than this. I need someone to take ownership of this issue and provide me with a clear timeline for resolution.

Please contact me at your earliest convenience.

Sincerely,
Kendall Mitchell
Policy: POL-000080
",2025-10-11T12:04:00
DOC-EMAIL-000068,CUST-0032,POL-000083,INT-000068,email,Follow-up on claim status,"Hi,

I am following up on the status of my recent claim. I filed it approximately 20 days ago and wanted to check if there are any updates or if you need any additional documentation from me.

My policy number is POL-000083 and my customer ID is CUST-0032. Please let me know the current status and expected timeline.

Thank you,
Pat Jones
",2026-07-06T13:13:00
DOC-EMAIL-000069,CUST-0032,POL-000084,INT-000066,email,Thank you for the excellent service,"Hello,

I just wanted to take a moment to thank your team for the excellent service I received recently. My representative was knowledgeable, patient, and resolved my issue quickly.

It is refreshing to work with a company that values its customers. I have been with you for 13 years and experiences like this are why I stay.

Keep up the great work!

Warm regards,
Pat Jones
",2026-08-06T11:58:00
DOC-EMAIL-000070,CUST-0033,POL-000086,INT-000069,email,Frustrated with claim processing delay,"Dear Customer Service,

I am writing to express my frustration with the delay in processing my claim. It has been over 33 days since I filed and I have not received any meaningful update on the status. Every time I call, I am told someone will get back to me, but nobody does.

As a loyal customer of 4 years, I expect better service than this. I need someone to take ownership of this issue and provide me with a clear timeline for resolution.

Please contact me at your earliest convenience.

Sincerely,
Val King
Policy: POL-000086
",2026-05-03T15:25:00
DOC-EMAIL-000071,CUST-0033,POL-000087,INT-000069,email,Thank you for the excellent service,"Hello,

I just wanted to take a moment to thank your team for the excellent service I received recently. My representative was knowledgeable, patient, and resolved my issue quickly.

It is refreshing to work with a company that values its customers. I have been with you for 4 years and experiences like this are why I stay.

Keep up the great work!

Warm regards,
Val King
",2026-05-03T15:25:00
DOC-EMAIL-000072,CUST-0033,POL-000087,INT-000069,email,Coverage question for my home policy,"Hi there,

I would like to understand what exactly is covered under my current home policy (POL-000087). Specifically, I want to know:

1. What are my current coverage limits?
2. What is my deductible for each type of coverage?
3. Are there any gaps in my coverage I should be aware of?

I want to make sure I have adequate protection. Please send me a detailed breakdown or schedule a call to discuss.

Best regards,
Val King
",2026-05-03T15:25:00
DOC-EMAIL-000073,CUST-0034,POL-000090,INT-000071,email,Thank you for the excellent service,"Hello,

I just wanted to take a moment to thank your team for the excellent service I received recently. My representative was knowledgeable, patient, and resolved my issue quickly.

It is refreshing to work with a company that values its customers. I have been with you for 4 years and experiences like this are why I stay.

Keep up the great work!

Warm regards,
Briar Morris
",2026-02-23T12:08:00
DOC-EMAIL-000074,CUST-0035,POL-000093,INT-000073,email,Thank you for the excellent service,"Hello,

I just wanted to take a moment to thank your team for the excellent service I received recently. My representative was knowledgeable, patient, and resolved my issue quickly.

It is refreshing to work with a company that values its customers. I have been with you for 7 years and experiences like this are why I stay.

Keep up the great work!

Warm regards,
Uri Edwards
",2025-10-04T16:34:00
DOC-EMAIL-000075,CUST-0036,POL-000095,INT-000074,email,Frustrated with claim processing delay,"Dear Customer Service,

I am writing to express my frustration with the delay in processing my claim. It has been over 32 days since I filed and I have not received any meaningful update on the status. Every time I call, I am told someone will get back to me, but nobody does.

As a loyal customer of 13 years, I expect better service than this. I need someone to take ownership of this issue and provide me with a clear timeline for resolution.

Please contact me at your earliest convenience.

Sincerely,
Vic Baker
Policy: POL-000095
",2026-01-08T12:47:00
DOC-EMAIL-000076,CUST-0037,POL-000097,INT-000076,email,Thank you for the excellent service,"Hello,

I just wanted to take a moment to thank your team for the excellent service I received recently. My representative was knowledgeable, patient, and resolved my issue quickly.

It is refreshing to work with a company that values its customers. I have been with you for 2 years and experiences like this are why I stay.

Keep up the great work!

Warm regards,
Casey Thompson
",2026-06-04T17:25:00
DOC-EMAIL-000077,CUST-0037,POL-000097,INT-000078,email,Question about premium increase on my policy,"Hello,

I just received my renewal notice and was shocked to see that my premium has increased significantly. I have had no claims in the past year and my driving record is clean. I do not understand why my rate went up.

Can someone please review my account and explain the increase? I have been a customer for 2 years and would hate to have to shop around for a new provider, but I need this to make sense.

Thank you,
Casey Thompson
Policy: POL-000097
",2026-08-08T10:32:00
DOC-EMAIL-000078,CUST-0037,POL-000099,INT-000078,email,Frustrated with claim processing delay,"Dear Customer Service,

I am writing to express my frustration with the delay in processing my claim. It has been over 14 days since I filed and I have not received any meaningful update on the status. Every time I call, I am told someone will get back to me, but nobody does.

As a loyal customer of 2 years, I expect better service than this. I need someone to take ownership of this issue and provide me with a clear timeline for resolution.

Please contact me at your earliest convenience.

Sincerely,
Casey Thompson
Policy: POL-000099
",2026-08-08T10:32:00
DOC-EMAIL-000079,CUST-0038,POL-000102,INT-000080,email,Frustrated with claim processing delay,"Dear Customer Service,

I am writing to express my frustration with the delay in processing my claim. It has been over 13 days since I filed and I have not received any meaningful update on the status. Every time I call, I am told someone will get back to me, but nobody does.

As a loyal customer of 3 years, I expect better service than this. I need someone to take ownership of this issue and provide me with a clear timeline for resolution.

Please contact me at your earliest convenience.

Sincerely,
Winter Walker
Policy: POL-000102
",2025-10-17T08:55:00
DOC-EMAIL-000080,CUST-0039,POL-000104,INT-000085,email,Thank you for the excellent service,"Hello,

I just wanted to take a moment to thank your team for the excellent service I received recently. My representative was knowledgeable, patient, and resolved my issue quickly.

It is refreshing to work with a company that values its customers. I have been with you for 13 years and experiences like this are why I stay.

Keep up the great work!

Warm regards,
Kerry Howard
",2026-08-05T14:38:00
DOC-EMAIL-000081,CUST-0040,POL-000105,INT-000087,email,Upcoming renewal - what are my options?,"Dear Team,

My auto policy (POL-000105) is coming up for renewal on 2027-02-01. Before it renews, I would like to explore my options:

- Can I get a multi-policy discount if I bundle my coverages?
- Are there any loyalty discounts available for long-term customers?
- What would happen to my rate if I increased my deductible?

I appreciate your help and look forward to hearing back.

Thanks,
Spencer Baker
",2026-03-20T12:35:00
DOC-EMAIL-000082,CUST-0040,POL-000105,INT-000087,email,Question about premium increase on my policy,"Hello,

I just received my renewal notice and was shocked to see that my premium has increased significantly. I have had no claims in the past year and my driving record is clean. I do not understand why my rate went up.

Can someone please review my account and explain the increase? I have been a customer for 14 years and would hate to have to shop around for a new provider, but I need this to make sense.

Thank you,
Spencer Baker
Policy: POL-000105
",2026-03-20T12:35:00
DOC-EMAIL-000083,CUST-0040,POL-000107,INT-000088,email,Follow-up on claim status,"Hi,

I am following up on the status of my recent claim. I filed it approximately 26 days ago and wanted to check if there are any updates or if you need any additional documentation from me.

My policy number is POL-000107 and my customer ID is CUST-0040. Please let me know the current status and expected timeline.

Thank you,
Spencer Baker
",2026-01-14T08:43:00
DOC-EMAIL-000084,CUST-0041,POL-000108,INT-000091,email,Upcoming renewal - what are my options?,"Dear Team,

My umbrella policy (POL-000108) is coming up for renewal on 2026-12-21. Before it renews, I would like to explore my options:

- Can I get a multi-policy discount if I bundle my coverages?
- Are there any loyalty discounts available for long-term customers?
- What would happen to my rate if I increased my deductible?

I appreciate your help and look forward to hearing back.

Thanks,
Val Perez
",2026-03-18T12:49:00
DOC-EMAIL-000085,CUST-0042,POL-000112,INT-000094,email,Upcoming renewal - what are my options?,"Dear Team,

My auto policy (POL-000112) is coming up for renewal on 2026-10-07. Before it renews, I would like to explore my options:

- Can I get a multi-policy discount if I bundle my coverages?
- Are there any loyalty discounts available for long-term customers?
- What would happen to my rate if I increased my deductible?

I appreciate your help and look forward to hearing back.

Thanks,
Kendall Davis
",2026-01-11T10:29:00
DOC-EMAIL-000086,CUST-0043,POL-000116,INT-000096,email,Upcoming renewal - what are my options?,"Dear Team,

My auto policy (POL-000116) is coming up for renewal on 2026-07-19. Before it renews, I would like to explore my options:

- Can I get a multi-policy discount if I bundle my coverages?
- Are there any loyalty discounts available for long-term customers?
- What would happen to my rate if I increased my deductible?

I appreciate your help and look forward to hearing back.

Thanks,
Harper Collins
",2025-11-17T12:32:00
DOC-EMAIL-000087,CUST-0043,POL-000114,INT-000097,email,Upcoming renewal - what are my options?,"Dear Team,

My home policy (POL-000114) is coming up for renewal on 2025-05-15. Before it renews, I would like to explore my options:

- Can I get a multi-policy discount if I bundle my coverages?
- Are there any loyalty discounts available for long-term customers?
- What would happen to my rate if I increased my deductible?

I appreciate your help and look forward to hearing back.

Thanks,
Harper Collins
",2025-11-24T10:32:00
DOC-EMAIL-000088,CUST-0044,POL-000119,INT-000101,email,Thank you for the excellent service,"Hello,

I just wanted to take a moment to thank your team for the excellent service I received recently. My representative was knowledgeable, patient, and resolved my issue quickly.

It is refreshing to work with a company that values its customers. I have been with you for 11 years and experiences like this are why I stay.

Keep up the great work!

Warm regards,
Jules Parker
",2025-10-23T11:09:00
DOC-EMAIL-000089,CUST-0044,POL-000118,INT-000100,email,Thank you for the excellent service,"Hello,

I just wanted to take a moment to thank your team for the excellent service I received recently. My representative was knowledgeable, patient, and resolved my issue quickly.

It is refreshing to work with a company that values its customers. I have been with you for 11 years and experiences like this are why I stay.

Keep up the great work!

Warm regards,
Jules Parker
",2026-01-17T16:38:00
DOC-EMAIL-000090,CUST-0044,POL-000118,INT-000100,email,Follow-up on claim status,"Hi,

I am following up on the status of my recent claim. I filed it approximately 40 days ago and wanted to check if there are any updates or if you need any additional documentation from me.

My policy number is POL-000118 and my customer ID is CUST-0044. Please let me know the current status and expected timeline.

Thank you,
Jules Parker
",2026-01-17T16:38:00
DOC-EMAIL-000091,CUST-0045,POL-000123,INT-000102,email,Coverage question for my home policy,"Hi there,

I would like to understand what exactly is covered under my current home policy (POL-000123). Specifically, I want to know:

1. What are my current coverage limits?
2. What is my deductible for each type of coverage?
3. Are there any gaps in my coverage I should be aware of?

I want to make sure I have adequate protection. Please send me a detailed breakdown or schedule a call to discuss.

Best regards,
Adrian Morgan
",2026-03-28T13:48:00
DOC-EMAIL-000092,CUST-0046,POL-000124,INT-000103,email,Follow-up on claim status,"Hi,

I am following up on the status of my recent claim. I filed it approximately 40 days ago and wanted to check if there are any updates or if you need any additional documentation from me.

My policy number is POL-000124 and my customer ID is CUST-0046. Please let me know the current status and expected timeline.

Thank you,
Micah Lewis
",2025-11-07T10:34:00
DOC-EMAIL-000093,CUST-0047,POL-000131,INT-000105,email,Question about premium increase on my policy,"Hello,

I just received my renewal notice and was shocked to see that my premium has increased significantly. I have had no claims in the past year and my driving record is clean. I do not understand why my rate went up.

Can someone please review my account and explain the increase? I have been a customer for 3 years and would hate to have to shop around for a new provider, but I need this to make sense.

Thank you,
Glenn Cooper
Policy: POL-000131
",2025-12-26T08:38:00
DOC-EMAIL-000094,CUST-0047,POL-000128,INT-000104,email,Frustrated with claim processing delay,"Dear Customer Service,

I am writing to express my frustration with the delay in processing my claim. It has been over 26 days since I filed and I have not received any meaningful update on the status. Every time I call, I am told someone will get back to me, but nobody does.

As a loyal customer of 3 years, I expect better service than this. I need someone to take ownership of this issue and provide me with a clear timeline for resolution.

Please contact me at your earliest convenience.

Sincerely,
Glenn Cooper
Policy: POL-000128
",2026-03-06T16:58:00
DOC-EMAIL-000095,CUST-0048,POL-000132,INT-000106,email,Frustrated with claim processing delay,"Dear Customer Service,

I am writing to express my frustration with the delay in processing my claim. It has been over 13 days since I filed and I have not received any meaningful update on the status. Every time I call, I am told someone will get back to me, but nobody does.

As a loyal customer of 14 years, I expect better service than this. I need someone to take ownership of this issue and provide me with a clear timeline for resolution.

Please contact me at your earliest convenience.

Sincerely,
Uri Bailey
Policy: POL-000132
",2025-11-13T13:31:00
DOC-EMAIL-000096,CUST-0049,POL-000135,INT-000107,email,Upcoming renewal - what are my options?,"Dear Team,

My umbrella policy (POL-000135) is coming up for renewal on 2027-02-08. Before it renews, I would like to explore my options:

- Can I get a multi-policy discount if I bundle my coverages?
- Are there any loyalty discounts available for long-term customers?
- What would happen to my rate if I increased my deductible?

I appreciate your help and look forward to hearing back.

Thanks,
Marlow Mitchell
",2025-12-27T08:07:00
DOC-EMAIL-000097,CUST-0049,POL-000134,INT-000107,email,Frustrated with claim processing delay,"Dear Customer Service,

I am writing to express my frustration with the delay in processing my claim. It has been over 22 days since I filed and I have not received any meaningful update on the status. Every time I call, I am told someone will get back to me, but nobody does.

As a loyal customer of 3 years, I expect better service than this. I need someone to take ownership of this issue and provide me with a clear timeline for resolution.

Please contact me at your earliest convenience.

Sincerely,
Marlow Mitchell
Policy: POL-000134
",2025-12-27T08:07:00
DOC-EMAIL-000098,CUST-0050,POL-000138,INT-000111,email,Question about premium increase on my policy,"Hello,

I just received my renewal notice and was shocked to see that my premium has increased significantly. I have had no claims in the past year and my driving record is clean. I do not understand why my rate went up.

Can someone please review my account and explain the increase? I have been a customer for 9 years and would hate to have to shop around for a new provider, but I need this to make sense.

Thank you,
Adrian Morris
Policy: POL-000138
",2025-09-23T17:05:00
DOC-EMAIL-000099,CUST-0050,POL-000140,INT-000108,email,Thank you for the excellent service,"Hello,

I just wanted to take a moment to thank your team for the excellent service I received recently. My representative was knowledgeable, patient, and resolved my issue quickly.

It is refreshing to work with a company that values its customers. I have been with you for 9 years and experiences like this are why I stay.

Keep up the great work!

Warm regards,
Adrian Morris
",2026-05-31T13:56:00
DOC-EMAIL-000100,CUST-0051,POL-000141,INT-000113,email,Coverage question for my umbrella policy,"Hi there,

I would like to understand what exactly is covered under my current umbrella policy (POL-000141). Specifically, I want to know:

1. What are my current coverage limits?
2. What is my deductible for each type of coverage?
3. Are there any gaps in my coverage I should be aware of?

I want to make sure I have adequate protection. Please send me a detailed breakdown or schedule a call to discuss.

Best regards,
Harper Green
",2026-07-16T15:52:00
DOC-EMAIL-000101,CUST-0051,POL-000142,INT-000112,email,Thank you for the excellent service,"Hello,

I just wanted to take a moment to thank your team for the excellent service I received recently. My representative was knowledgeable, patient, and resolved my issue quickly.

It is refreshing to work with a company that values its customers. I have been with you for 9 years and experiences like this are why I stay.

Keep up the great work!

Warm regards,
Harper Green
",2026-08-06T09:46:00
DOC-EMAIL-000102,CUST-0052,POL-000145,INT-000117,email,Question about premium increase on my policy,"Hello,

I just received my renewal notice and was shocked to see that my premium has increased significantly. I have had no claims in the past year and my driving record is clean. I do not understand why my rate went up.

Can someone please review my account and explain the increase? I have been a customer for 9 years and would hate to have to shop around for a new provider, but I need this to make sense.

Thank you,
Lane Nelson
Policy: POL-000145
",2026-01-12T15:35:00
DOC-EMAIL-000103,CUST-0053,POL-000147,INT-000118,email,Upcoming renewal - what are my options?,"Dear Team,

My renters policy (POL-000147) is coming up for renewal on 2026-10-27. Before it renews, I would like to explore my options:

- Can I get a multi-policy discount if I bundle my coverages?
- Are there any loyalty discounts available for long-term customers?
- What would happen to my rate if I increased my deductible?

I appreciate your help and look forward to hearing back.

Thanks,
Kendall Young
",2026-04-01T10:16:00
DOC-EMAIL-000104,CUST-0054,POL-000148,INT-000122,email,Question about premium increase on my policy,"Hello,

I just received my renewal notice and was shocked to see that my premium has increased significantly. I have had no claims in the past year and my driving record is clean. I do not understand why my rate went up.

Can someone please review my account and explain the increase? I have been a customer for 11 years and would hate to have to shop around for a new provider, but I need this to make sense.

Thank you,
Casey Ward
Policy: POL-000148
",2026-06-19T16:48:00
DOC-EMAIL-000105,CUST-0055,POL-000150,INT-000124,email,Thank you for the excellent service,"Hello,

I just wanted to take a moment to thank your team for the excellent service I received recently. My representative was knowledgeable, patient, and resolved my issue quickly.

It is refreshing to work with a company that values its customers. I have been with you for 2 years and experiences like this are why I stay.

Keep up the great work!

Warm regards,
Micah Jones
",2026-04-17T12:25:00
DOC-EMAIL-000106,CUST-0055,POL-000152,INT-000124,email,Follow-up on claim status,"Hi,

I am following up on the status of my recent claim. I filed it approximately 32 days ago and wanted to check if there are any updates or if you need any additional documentation from me.

My policy number is POL-000152 and my customer ID is CUST-0055. Please let me know the current status and expected timeline.

Thank you,
Micah Jones
",2026-04-17T12:25:00
DOC-EMAIL-000107,CUST-0055,POL-000150,INT-000123,email,Upcoming renewal - what are my options?,"Dear Team,

My home policy (POL-000150) is coming up for renewal on 2026-11-13. Before it renews, I would like to explore my options:

- Can I get a multi-policy discount if I bundle my coverages?
- Are there any loyalty discounts available for long-term customers?
- What would happen to my rate if I increased my deductible?

I appreciate your help and look forward to hearing back.

Thanks,
Micah Jones
",2026-08-14T11:45:00
DOC-EMAIL-000108,CUST-0056,POL-000153,INT-000127,email,Thank you for the excellent service,"Hello,

I just wanted to take a moment to thank your team for the excellent service I received recently. My representative was knowledgeable, patient, and resolved my issue quickly.

It is refreshing to work with a company that values its customers. I have been with you for 13 years and experiences like this are why I stay.

Keep up the great work!

Warm regards,
Hayden Morris
",2026-05-09T09:15:00
DOC-EMAIL-000109,CUST-0057,POL-000157,INT-000130,email,Upcoming renewal - what are my options?,"Dear Team,

My renters policy (POL-000157) is coming up for renewal on 2026-06-13. Before it renews, I would like to explore my options:

- Can I get a multi-policy discount if I bundle my coverages?
- Are there any loyalty discounts available for long-term customers?
- What would happen to my rate if I increased my deductible?

I appreciate your help and look forward to hearing back.

Thanks,
Cedar Collins
",2026-08-10T17:35:00
DOC-EMAIL-000110,CUST-0058,POL-000159,INT-000133,email,Question about premium increase on my policy,"Hello,

I just received my renewal notice and was shocked to see that my premium has increased significantly. I have had no claims in the past year and my driving record is clean. I do not understand why my rate went up.

Can someone please review my account and explain the increase? I have been a customer for 9 years and would hate to have to shop around for a new provider, but I need this to make sense.

Thank you,
Ray Nelson
Policy: POL-000159
",2026-01-24T09:45:00
DOC-EMAIL-000111,CUST-0059,POL-000160,INT-000136,email,Upcoming renewal - what are my options?,"Dear Team,

My auto policy (POL-000160) is coming up for renewal on 2026-09-27. Before it renews, I would like to explore my options:

- Can I get a multi-policy discount if I bundle my coverages?
- Are there any loyalty discounts available for long-term customers?
- What would happen to my rate if I increased my deductible?

I appreciate your help and look forward to hearing back.

Thanks,
Jamie Walker
",2026-03-04T08:55:00
DOC-EMAIL-000112,CUST-0059,POL-000160,INT-000136,email,Question about premium increase on my policy,"Hello,

I just received my renewal notice and was shocked to see that my premium has increased significantly. I have had no claims in the past year and my driving record is clean. I do not understand why my rate went up.

Can someone please review my account and explain the increase? I have been a customer for 7 years and would hate to have to shop around for a new provider, but I need this to make sense.

Thank you,
Jamie Walker
Policy: POL-000160
",2026-03-04T08:55:00
DOC-EMAIL-000113,CUST-0059,POL-000160,INT-000136,email,Question about premium increase on my policy,"Hello,

I just received my renewal notice and was shocked to see that my premium has increased significantly. I have had no claims in the past year and my driving record is clean. I do not understand why my rate went up.

Can someone please review my account and explain the increase? I have been a customer for 7 years and would hate to have to shop around for a new provider, but I need this to make sense.

Thank you,
Jamie Walker
Policy: POL-000160
",2026-03-04T08:55:00
DOC-EMAIL-000114,CUST-0060,POL-000161,INT-000140,email,Question about premium increase on my policy,"Hello,

I just received my renewal notice and was shocked to see that my premium has increased significantly. I have had no claims in the past year and my driving record is clean. I do not understand why my rate went up.

Can someone please review my account and explain the increase? I have been a customer for 6 years and would hate to have to shop around for a new provider, but I need this to make sense.

Thank you,
Marlow Mitchell
Policy: POL-000161
",2026-02-25T15:13:00
DOC-EMAIL-000115,CUST-0061,POL-000166,INT-000141,email,Upcoming renewal - what are my options?,"Dear Team,

My auto policy (POL-000166) is coming up for renewal on 2025-08-17. Before it renews, I would like to explore my options:

- Can I get a multi-policy discount if I bundle my coverages?
- Are there any loyalty discounts available for long-term customers?
- What would happen to my rate if I increased my deductible?

I appreciate your help and look forward to hearing back.

Thanks,
Yael Howard
",2025-11-30T16:08:00
DOC-EMAIL-000116,CUST-0062,POL-000169,INT-000144,email,Thank you for the excellent service,"Hello,

I just wanted to take a moment to thank your team for the excellent service I received recently. My representative was knowledgeable, patient, and resolved my issue quickly.

It is refreshing to work with a company that values its customers. I have been with you for 12 years and experiences like this are why I stay.

Keep up the great work!

Warm regards,
Pat Perez
",2026-03-24T15:51:00
DOC-EMAIL-000117,CUST-0062,POL-000171,INT-000144,email,Thank you for the excellent service,"Hello,

I just wanted to take a moment to thank your team for the excellent service I received recently. My representative was knowledgeable, patient, and resolved my issue quickly.

It is refreshing to work with a company that values its customers. I have been with you for 12 years and experiences like this are why I stay.

Keep up the great work!

Warm regards,
Pat Perez
",2026-03-24T15:51:00
DOC-EMAIL-000118,CUST-0062,POL-000171,INT-000143,email,Frustrated with claim processing delay,"Dear Customer Service,

I am writing to express my frustration with the delay in processing my claim. It has been over 19 days since I filed and I have not received any meaningful update on the status. Every time I call, I am told someone will get back to me, but nobody does.

As a loyal customer of 12 years, I expect better service than this. I need someone to take ownership of this issue and provide me with a clear timeline for resolution.

Please contact me at your earliest convenience.

Sincerely,
Pat Perez
Policy: POL-000171
",2025-12-17T15:15:00
DOC-EMAIL-000119,CUST-0063,POL-000172,INT-000146,email,Thank you for the excellent service,"Hello,

I just wanted to take a moment to thank your team for the excellent service I received recently. My representative was knowledgeable, patient, and resolved my issue quickly.

It is refreshing to work with a company that values its customers. I have been with you for 14 years and experiences like this are why I stay.

Keep up the great work!

Warm regards,
Rowan Clark
",2026-01-11T09:06:00
DOC-EMAIL-000120,CUST-0063,POL-000172,INT-000148,email,Question about premium increase on my policy,"Hello,

I just received my renewal notice and was shocked to see that my premium has increased significantly. I have had no claims in the past year and my driving record is clean. I do not understand why my rate went up.

Can someone please review my account and explain the increase? I have been a customer for 14 years and would hate to have to shop around for a new provider, but I need this to make sense.

Thank you,
Rowan Clark
Policy: POL-000172
",2026-04-19T14:26:00
DOC-EMAIL-000121,CUST-0063,POL-000172,INT-000148,email,Question about premium increase on my policy,"Hello,

I just received my renewal notice and was shocked to see that my premium has increased significantly. I have had no claims in the past year and my driving record is clean. I do not understand why my rate went up.

Can someone please review my account and explain the increase? I have been a customer for 14 years and would hate to have to shop around for a new provider, but I need this to make sense.

Thank you,
Rowan Clark
Policy: POL-000172
",2026-04-19T14:26:00
DOC-EMAIL-000122,CUST-0064,POL-000176,INT-000149,email,Follow-up on claim status,"Hi,

I am following up on the status of my recent claim. I filed it approximately 26 days ago and wanted to check if there are any updates or if you need any additional documentation from me.

My policy number is POL-000176 and my customer ID is CUST-0064. Please let me know the current status and expected timeline.

Thank you,
Spencer Bailey
",2025-09-30T15:55:00
DOC-EMAIL-000123,CUST-0064,POL-000175,INT-000149,email,Thank you for the excellent service,"Hello,

I just wanted to take a moment to thank your team for the excellent service I received recently. My representative was knowledgeable, patient, and resolved my issue quickly.

It is refreshing to work with a company that values its customers. I have been with you for 4 years and experiences like this are why I stay.

Keep up the great work!

Warm regards,
Spencer Bailey
",2025-09-30T15:55:00
DOC-EMAIL-000124,CUST-0064,POL-000175,INT-000149,email,Question about premium increase on my policy,"Hello,

I just received my renewal notice and was shocked to see that my premium has increased significantly. I have had no claims in the past year and my driving record is clean. I do not understand why my rate went up.

Can someone please review my account and explain the increase? I have been a customer for 4 years and would hate to have to shop around for a new provider, but I need this to make sense.

Thank you,
Spencer Bailey
Policy: POL-000175
",2025-09-30T15:55:00
DOC-EMAIL-000125,CUST-0065,POL-000177,INT-000150,email,Coverage question for my auto policy,"Hi there,

I would like to understand what exactly is covered under my current auto policy (POL-000177). Specifically, I want to know:

1. What are my current coverage limits?
2. What is my deductible for each type of coverage?
3. Are there any gaps in my coverage I should be aware of?

I want to make sure I have adequate protection. Please send me a detailed breakdown or schedule a call to discuss.

Best regards,
Tatum Roberts
",2026-04-21T08:43:00
DOC-EMAIL-000126,CUST-0066,POL-000178,INT-000151,email,Follow-up on claim status,"Hi,

I am following up on the status of my recent claim. I filed it approximately 11 days ago and wanted to check if there are any updates or if you need any additional documentation from me.

My policy number is POL-000178 and my customer ID is CUST-0066. Please let me know the current status and expected timeline.

Thank you,
Logan Richardson
",2026-05-06T09:03:00
DOC-EMAIL-000127,CUST-0066,POL-000178,INT-000151,email,Coverage question for my renters policy,"Hi there,

I would like to understand what exactly is covered under my current renters policy (POL-000178). Specifically, I want to know:

1. What are my current coverage limits?
2. What is my deductible for each type of coverage?
3. Are there any gaps in my coverage I should be aware of?

I want to make sure I have adequate protection. Please send me a detailed breakdown or schedule a call to discuss.

Best regards,
Logan Richardson
",2026-05-06T09:03:00
DOC-EMAIL-000128,CUST-0067,POL-000181,INT-000153,email,Coverage question for my renters policy,"Hi there,

I would like to understand what exactly is covered under my current renters policy (POL-000181). Specifically, I want to know:

1. What are my current coverage limits?
2. What is my deductible for each type of coverage?
3. Are there any gaps in my coverage I should be aware of?

I want to make sure I have adequate protection. Please send me a detailed breakdown or schedule a call to discuss.

Best regards,
Jules Nelson
",2025-09-19T13:51:00
DOC-EMAIL-000129,CUST-0067,POL-000181,INT-000152,email,Coverage question for my renters policy,"Hi there,

I would like to understand what exactly is covered under my current renters policy (POL-000181). Specifically, I want to know:

1. What are my current coverage limits?
2. What is my deductible for each type of coverage?
3. Are there any gaps in my coverage I should be aware of?

I want to make sure I have adequate protection. Please send me a detailed breakdown or schedule a call to discuss.

Best regards,
Jules Nelson
",2026-04-08T14:46:00
DOC-EMAIL-000130,CUST-0068,POL-000182,INT-000154,email,Follow-up on claim status,"Hi,

I am following up on the status of my recent claim. I filed it approximately 19 days ago and wanted to check if there are any updates or if you need any additional documentation from me.

My policy number is POL-000182 and my customer ID is CUST-0068. Please let me know the current status and expected timeline.

Thank you,
Jules Bailey
",2026-06-02T09:15:00
DOC-EMAIL-000131,CUST-0068,POL-000183,INT-000155,email,Follow-up on claim status,"Hi,

I am following up on the status of my recent claim. I filed it approximately 25 days ago and wanted to check if there are any updates or if you need any additional documentation from me.

My policy number is POL-000183 and my customer ID is CUST-0068. Please let me know the current status and expected timeline.

Thank you,
Jules Bailey
",2025-10-25T11:12:00
DOC-EMAIL-000132,CUST-0069,POL-000184,INT-000157,email,Coverage question for my umbrella policy,"Hi there,

I would like to understand what exactly is covered under my current umbrella policy (POL-000184). Specifically, I want to know:

1. What are my current coverage limits?
2. What is my deductible for each type of coverage?
3. Are there any gaps in my coverage I should be aware of?

I want to make sure I have adequate protection. Please send me a detailed breakdown or schedule a call to discuss.

Best regards,
Uri Miller
",2026-04-18T10:27:00
DOC-EMAIL-000133,CUST-0070,POL-000186,INT-000159,email,Coverage question for my auto policy,"Hi there,

I would like to understand what exactly is covered under my current auto policy (POL-000186). Specifically, I want to know:

1. What are my current coverage limits?
2. What is my deductible for each type of coverage?
3. Are there any gaps in my coverage I should be aware of?

I want to make sure I have adequate protection. Please send me a detailed breakdown or schedule a call to discuss.

Best regards,
Sam Davis
",2026-06-30T15:15:00
DOC-EMAIL-000134,CUST-0070,POL-000187,INT-000160,email,Follow-up on claim status,"Hi,

I am following up on the status of my recent claim. I filed it approximately 32 days ago and wanted to check if there are any updates or if you need any additional documentation from me.

My policy number is POL-000187 and my customer ID is CUST-0070. Please let me know the current status and expected timeline.

Thank you,
Sam Davis
",2025-12-22T09:28:00
DOC-EMAIL-000135,CUST-0070,POL-000185,INT-000159,email,Upcoming renewal - what are my options?,"Dear Team,

My auto policy (POL-000185) is coming up for renewal on 2027-05-31. Before it renews, I would like to explore my options:

- Can I get a multi-policy discount if I bundle my coverages?
- Are there any loyalty discounts available for long-term customers?
- What would happen to my rate if I increased my deductible?

I appreciate your help and look forward to hearing back.

Thanks,
Sam Davis
",2026-06-30T15:15:00
DOC-EMAIL-000136,CUST-0071,POL-000189,INT-000162,email,Question about premium increase on my policy,"Hello,

I just received my renewal notice and was shocked to see that my premium has increased significantly. I have had no claims in the past year and my driving record is clean. I do not understand why my rate went up.

Can someone please review my account and explain the increase? I have been a customer for 15 years and would hate to have to shop around for a new provider, but I need this to make sense.

Thank you,
Logan Smith
Policy: POL-000189
",2026-07-31T08:41:00
DOC-EMAIL-000137,CUST-0071,POL-000189,INT-000162,email,Upcoming renewal - what are my options?,"Dear Team,

My auto policy (POL-000189) is coming up for renewal on 2025-09-19. Before it renews, I would like to explore my options:

- Can I get a multi-policy discount if I bundle my coverages?
- Are there any loyalty discounts available for long-term customers?
- What would happen to my rate if I increased my deductible?

I appreciate your help and look forward to hearing back.

Thanks,
Logan Smith
",2026-07-31T08:41:00
DOC-EMAIL-000138,CUST-0071,POL-000189,INT-000162,email,Upcoming renewal - what are my options?,"Dear Team,

My auto policy (POL-000189) is coming up for renewal on 2025-09-19. Before it renews, I would like to explore my options:

- Can I get a multi-policy discount if I bundle my coverages?
- Are there any loyalty discounts available for long-term customers?
- What would happen to my rate if I increased my deductible?

I appreciate your help and look forward to hearing back.

Thanks,
Logan Smith
",2026-07-31T08:41:00
DOC-EMAIL-000139,CUST-0072,POL-000190,INT-000166,email,Frustrated with claim processing delay,"Dear Customer Service,

I am writing to express my frustration with the delay in processing my claim. It has been over 25 days since I filed and I have not received any meaningful update on the status. Every time I call, I am told someone will get back to me, but nobody does.

As a loyal customer of 15 years, I expect better service than this. I need someone to take ownership of this issue and provide me with a clear timeline for resolution.

Please contact me at your earliest convenience.

Sincerely,
Uri Cooper
Policy: POL-000190
",2025-10-18T14:31:00
DOC-EMAIL-000140,CUST-0073,POL-000194,INT-000167,email,Question about premium increase on my policy,"Hello,

I just received my renewal notice and was shocked to see that my premium has increased significantly. I have had no claims in the past year and my driving record is clean. I do not understand why my rate went up.

Can someone please review my account and explain the increase? I have been a customer for 9 years and would hate to have to shop around for a new provider, but I need this to make sense.

Thank you,
Adrian Anderson
Policy: POL-000194
",2026-01-10T15:13:00
DOC-EMAIL-000141,CUST-0074,POL-000196,INT-000169,email,Frustrated with claim processing delay,"Dear Customer Service,

I am writing to express my frustration with the delay in processing my claim. It has been over 23 days since I filed and I have not received any meaningful update on the status. Every time I call, I am told someone will get back to me, but nobody does.

As a loyal customer of 7 years, I expect better service than this. I need someone to take ownership of this issue and provide me with a clear timeline for resolution.

Please contact me at your earliest convenience.

Sincerely,
Casey Scott
Policy: POL-000196
",2026-02-25T08:10:00
DOC-EMAIL-000142,CUST-0075,POL-000199,INT-000171,email,Upcoming renewal - what are my options?,"Dear Team,

My home policy (POL-000199) is coming up for renewal on 2026-02-07. Before it renews, I would like to explore my options:

- Can I get a multi-policy discount if I bundle my coverages?
- Are there any loyalty discounts available for long-term customers?
- What would happen to my rate if I increased my deductible?

I appreciate your help and look forward to hearing back.

Thanks,
Logan Young
",2025-10-16T14:16:00
DOC-EMAIL-000143,CUST-0076,POL-000200,INT-000177,email,Coverage question for my auto policy,"Hi there,

I would like to understand what exactly is covered under my current auto policy (POL-000200). Specifically, I want to know:

1. What are my current coverage limits?
2. What is my deductible for each type of coverage?
3. Are there any gaps in my coverage I should be aware of?

I want to make sure I have adequate protection. Please send me a detailed breakdown or schedule a call to discuss.

Best regards,
Uri Cooper
",2025-10-31T11:03:00
DOC-EMAIL-000144,CUST-0077,POL-000203,INT-000178,email,Frustrated with claim processing delay,"Dear Customer Service,

I am writing to express my frustration with the delay in processing my claim. It has been over 44 days since I filed and I have not received any meaningful update on the status. Every time I call, I am told someone will get back to me, but nobody does.

As a loyal customer of 3 years, I expect better service than this. I need someone to take ownership of this issue and provide me with a clear timeline for resolution.

Please contact me at your earliest convenience.

Sincerely,
Holly Rivera
Policy: POL-000203
",2026-04-08T17:47:00
DOC-EMAIL-000145,CUST-0077,POL-000202,INT-000179,email,Thank you for the excellent service,"Hello,

I just wanted to take a moment to thank your team for the excellent service I received recently. My representative was knowledgeable, patient, and resolved my issue quickly.

It is refreshing to work with a company that values its customers. I have been with you for 3 years and experiences like this are why I stay.

Keep up the great work!

Warm regards,
Holly Rivera
",2025-11-23T16:03:00
DOC-EMAIL-000146,CUST-0077,POL-000202,INT-000178,email,Question about premium increase on my policy,"Hello,

I just received my renewal notice and was shocked to see that my premium has increased significantly. I have had no claims in the past year and my driving record is clean. I do not understand why my rate went up.

Can someone please review my account and explain the increase? I have been a customer for 3 years and would hate to have to shop around for a new provider, but I need this to make sense.

Thank you,
Holly Rivera
Policy: POL-000202
",2026-04-08T17:47:00
DOC-EMAIL-000147,CUST-0078,POL-000204,INT-000180,email,Frustrated with claim processing delay,"Dear Customer Service,

I am writing to express my frustration with the delay in processing my claim. It has been over 34 days since I filed and I have not received any meaningful update on the status. Every time I call, I am told someone will get back to me, but nobody does.

As a loyal customer of 4 years, I expect better service than this. I need someone to take ownership of this issue and provide me with a clear timeline for resolution.

Please contact me at your earliest convenience.

Sincerely,
Glenn Garcia
Policy: POL-000204
",2026-04-21T13:03:00
DOC-EMAIL-000148,CUST-0078,POL-000205,INT-000180,email,Thank you for the excellent service,"Hello,

I just wanted to take a moment to thank your team for the excellent service I received recently. My representative was knowledgeable, patient, and resolved my issue quickly.

It is refreshing to work with a company that values its customers. I have been with you for 4 years and experiences like this are why I stay.

Keep up the great work!

Warm regards,
Glenn Garcia
",2026-04-21T13:03:00
DOC-EMAIL-000149,CUST-0078,POL-000206,INT-000182,email,Follow-up on claim status,"Hi,

I am following up on the status of my recent claim. I filed it approximately 14 days ago and wanted to check if there are any updates or if you need any additional documentation from me.

My policy number is POL-000206 and my customer ID is CUST-0078. Please let me know the current status and expected timeline.

Thank you,
Glenn Garcia
",2026-02-26T15:32:00
DOC-EMAIL-000150,CUST-0079,POL-000208,INT-000183,email,Follow-up on claim status,"Hi,

I am following up on the status of my recent claim. I filed it approximately 13 days ago and wanted to check if there are any updates or if you need any additional documentation from me.

My policy number is POL-000208 and my customer ID is CUST-0079. Please let me know the current status and expected timeline.

Thank you,
Riley Jones
",2025-11-18T16:10:00
DOC-EMAIL-000151,CUST-0080,POL-000209,INT-000185,email,Follow-up on claim status,"Hi,

I am following up on the status of my recent claim. I filed it approximately 21 days ago and wanted to check if there are any updates or if you need any additional documentation from me.

My policy number is POL-000209 and my customer ID is CUST-0080. Please let me know the current status and expected timeline.

Thank you,
Ray Bailey
",2026-08-03T09:54:00
DOC-EMAIL-000152,CUST-0080,POL-000209,INT-000186,email,Upcoming renewal - what are my options?,"Dear Team,

My home policy (POL-000209) is coming up for renewal on 2024-11-06. Before it renews, I would like to explore my options:

- Can I get a multi-policy discount if I bundle my coverages?
- Are there any loyalty discounts available for long-term customers?
- What would happen to my rate if I increased my deductible?

I appreciate your help and look forward to hearing back.

Thanks,
Ray Bailey
",2026-03-29T10:04:00
DOC-EMAIL-000153,CUST-0081,POL-000210,INT-000191,email,Frustrated with claim processing delay,"Dear Customer Service,

I am writing to express my frustration with the delay in processing my claim. It has been over 26 days since I filed and I have not received any meaningful update on the status. Every time I call, I am told someone will get back to me, but nobody does.

As a loyal customer of 6 years, I expect better service than this. I need someone to take ownership of this issue and provide me with a clear timeline for resolution.

Please contact me at your earliest convenience.

Sincerely,
Hayden Roberts
Policy: POL-000210
",2026-06-01T17:38:00
DOC-EMAIL-000154,CUST-0081,POL-000210,INT-000190,email,Frustrated with claim processing delay,"Dear Customer Service,

I am writing to express my frustration with the delay in processing my claim. It has been over 23 days since I filed and I have not received any meaningful update on the status. Every time I call, I am told someone will get back to me, but nobody does.

As a loyal customer of 6 years, I expect better service than this. I need someone to take ownership of this issue and provide me with a clear timeline for resolution.

Please contact me at your earliest convenience.

Sincerely,
Hayden Roberts
Policy: POL-000210
",2026-05-20T17:15:00
DOC-EMAIL-000155,CUST-0082,POL-000212,INT-000192,email,Follow-up on claim status,"Hi,

I am following up on the status of my recent claim. I filed it approximately 32 days ago and wanted to check if there are any updates or if you need any additional documentation from me.

My policy number is POL-000212 and my customer ID is CUST-0082. Please let me know the current status and expected timeline.

Thank you,
Rowan Harris
",2026-05-22T08:39:00
DOC-EMAIL-000156,CUST-0082,POL-000212,INT-000193,email,Frustrated with claim processing delay,"Dear Customer Service,

I am writing to express my frustration with the delay in processing my claim. It has been over 35 days since I filed and I have not received any meaningful update on the status. Every time I call, I am told someone will get back to me, but nobody does.

As a loyal customer of 13 years, I expect better service than this. I need someone to take ownership of this issue and provide me with a clear timeline for resolution.

Please contact me at your earliest convenience.

Sincerely,
Rowan Harris
Policy: POL-000212
",2026-07-24T09:26:00
DOC-EMAIL-000157,CUST-0083,POL-000213,INT-000195,email,Coverage question for my renters policy,"Hi there,

I would like to understand what exactly is covered under my current renters policy (POL-000213). Specifically, I want to know:

1. What are my current coverage limits?
2. What is my deductible for each type of coverage?
3. Are there any gaps in my coverage I should be aware of?

I want to make sure I have adequate protection. Please send me a detailed breakdown or schedule a call to discuss.

Best regards,
Riley Carter
",2026-01-12T16:20:00
DOC-EMAIL-000158,CUST-0084,POL-000216,INT-000200,email,Thank you for the excellent service,"Hello,

I just wanted to take a moment to thank your team for the excellent service I received recently. My representative was knowledgeable, patient, and resolved my issue quickly.

It is refreshing to work with a company that values its customers. I have been with you for 9 years and experiences like this are why I stay.

Keep up the great work!

Warm regards,
Jordan Davis
",2026-03-17T12:29:00
DOC-EMAIL-000159,CUST-0084,POL-000217,INT-000198,email,Frustrated with claim processing delay,"Dear Customer Service,

I am writing to express my frustration with the delay in processing my claim. It has been over 11 days since I filed and I have not received any meaningful update on the status. Every time I call, I am told someone will get back to me, but nobody does.

As a loyal customer of 9 years, I expect better service than this. I need someone to take ownership of this issue and provide me with a clear timeline for resolution.

Please contact me at your earliest convenience.

Sincerely,
Jordan Davis
Policy: POL-000217
",2026-07-30T12:25:00
DOC-EMAIL-000160,CUST-0085,POL-000220,,email,Question about premium increase on my policy,"Hello,

I just received my renewal notice and was shocked to see that my premium has increased significantly. I have had no claims in the past year and my driving record is clean. I do not understand why my rate went up.

Can someone please review my account and explain the increase? I have been a customer for 7 years and would hate to have to shop around for a new provider, but I need this to make sense.

Thank you,
Robin Reed
Policy: POL-000220
",2026-08-14T17:35:09
DOC-EMAIL-000161,CUST-0085,POL-000220,,email,Upcoming renewal - what are my options?,"Dear Team,

My auto policy (POL-000220) is coming up for renewal on 2026-09-11. Before it renews, I would like to explore my options:

- Can I get a multi-policy discount if I bundle my coverages?
- Are there any loyalty discounts available for long-term customers?
- What would happen to my rate if I increased my deductible?

I appreciate your help and look forward to hearing back.

Thanks,
Robin Reed
",2026-09-16T17:35:09
DOC-EMAIL-000162,CUST-0086,POL-000224,,email,Thank you for the excellent service,"Hello,

I just wanted to take a moment to thank your team for the excellent service I received recently. My representative was knowledgeable, patient, and resolved my issue quickly.

It is refreshing to work with a company that values its customers. I have been with you for 12 years and experiences like this are why I stay.

Keep up the great work!

Warm regards,
Terry Davis
",2026-08-07T17:35:09
DOC-EMAIL-000163,CUST-0087,POL-000225,,email,Follow-up on claim status,"Hi,

I am following up on the status of my recent claim. I filed it approximately 31 days ago and wanted to check if there are any updates or if you need any additional documentation from me.

My policy number is POL-000225 and my customer ID is CUST-0087. Please let me know the current status and expected timeline.

Thank you,
Noel Young
",2026-07-19T17:35:09
DOC-EMAIL-000164,CUST-0087,POL-000226,,email,Question about premium increase on my policy,"Hello,

I just received my renewal notice and was shocked to see that my premium has increased significantly. I have had no claims in the past year and my driving record is clean. I do not understand why my rate went up.

Can someone please review my account and explain the increase? I have been a customer for 14 years and would hate to have to shop around for a new provider, but I need this to make sense.

Thank you,
Noel Young
Policy: POL-000226
",2026-08-20T17:35:09
DOC-EMAIL-000165,CUST-0088,POL-000227,,email,Question about premium increase on my policy,"Hello,

I just received my renewal notice and was shocked to see that my premium has increased significantly. I have had no claims in the past year and my driving record is clean. I do not understand why my rate went up.

Can someone please review my account and explain the increase? I have been a customer for 2 years and would hate to have to shop around for a new provider, but I need this to make sense.

Thank you,
Val Ward
Policy: POL-000227
",2026-10-02T17:35:09
DOC-EMAIL-000166,CUST-0088,POL-000227,,email,Coverage question for my auto policy,"Hi there,

I would like to understand what exactly is covered under my current auto policy (POL-000227). Specifically, I want to know:

1. What are my current coverage limits?
2. What is my deductible for each type of coverage?
3. Are there any gaps in my coverage I should be aware of?

I want to make sure I have adequate protection. Please send me a detailed breakdown or schedule a call to discuss.

Best regards,
Val Ward
",2026-07-30T17:35:09
DOC-EMAIL-000167,CUST-0088,POL-000227,,email,Follow-up on claim status,"Hi,

I am following up on the status of my recent claim. I filed it approximately 23 days ago and wanted to check if there are any updates or if you need any additional documentation from me.

My policy number is POL-000227 and my customer ID is CUST-0088. Please let me know the current status and expected timeline.

Thank you,
Val Ward
",2026-10-01T17:35:09
DOC-EMAIL-000168,CUST-0089,POL-000229,,email,Coverage question for my renters policy,"Hi there,

I would like to understand what exactly is covered under my current renters policy (POL-000229). Specifically, I want to know:

1. What are my current coverage limits?
2. What is my deductible for each type of coverage?
3. Are there any gaps in my coverage I should be aware of?

I want to make sure I have adequate protection. Please send me a detailed breakdown or schedule a call to discuss.

Best regards,
Lane Baker
",2026-07-06T17:35:09
DOC-EMAIL-000169,CUST-0089,POL-000229,,email,Question about premium increase on my policy,"Hello,

I just received my renewal notice and was shocked to see that my premium has increased significantly. I have had no claims in the past year and my driving record is clean. I do not understand why my rate went up.

Can someone please review my account and explain the increase? I have been a customer for 3 years and would hate to have to shop around for a new provider, but I need this to make sense.

Thank you,
Lane Baker
Policy: POL-000229
",2026-08-14T17:35:09
DOC-EMAIL-000170,CUST-0090,POL-000232,,email,Thank you for the excellent service,"Hello,

I just wanted to take a moment to thank your team for the excellent service I received recently. My representative was knowledgeable, patient, and resolved my issue quickly.

It is refreshing to work with a company that values its customers. I have been with you for 14 years and experiences like this are why I stay.

Keep up the great work!

Warm regards,
Jules Howard
",2026-09-14T17:35:09
DOC-EMAIL-000171,CUST-0090,POL-000232,,email,Upcoming renewal - what are my options?,"Dear Team,

My auto policy (POL-000232) is coming up for renewal on 2024-08-29. Before it renews, I would like to explore my options:

- Can I get a multi-policy discount if I bundle my coverages?
- Are there any loyalty discounts available for long-term customers?
- What would happen to my rate if I increased my deductible?

I appreciate your help and look forward to hearing back.

Thanks,
Jules Howard
",2026-07-27T17:35:09
DOC-EMAIL-000172,CUST-0091,POL-000236,,email,Follow-up on claim status,"Hi,

I am following up on the status of my recent claim. I filed it approximately 29 days ago and wanted to check if there are any updates or if you need any additional documentation from me.

My policy number is POL-000236 and my customer ID is CUST-0091. Please let me know the current status and expected timeline.

Thank you,
Terry Stewart
",2026-09-29T17:35:09
DOC-EMAIL-000173,CUST-0092,POL-000237,,email,Coverage question for my umbrella policy,"Hi there,

I would like to understand what exactly is covered under my current umbrella policy (POL-000237). Specifically, I want to know:

1. What are my current coverage limits?
2. What is my deductible for each type of coverage?
3. Are there any gaps in my coverage I should be aware of?

I want to make sure I have adequate protection. Please send me a detailed breakdown or schedule a call to discuss.

Best regards,
Taylor Lewis
",2026-09-29T17:35:09
DOC-EMAIL-000174,CUST-0093,POL-000240,,email,Follow-up on claim status,"Hi,

I am following up on the status of my recent claim. I filed it approximately 44 days ago and wanted to check if there are any updates or if you need any additional documentation from me.

My policy number is POL-000240 and my customer ID is CUST-0093. Please let me know the current status and expected timeline.

Thank you,
Blake Green
",2026-08-25T17:35:09
DOC-EMAIL-000175,CUST-0093,POL-000240,,email,Frustrated with claim processing delay,"Dear Customer Service,

I am writing to express my frustration with the delay in processing my claim. It has been over 39 days since I filed and I have not received any meaningful update on the status. Every time I call, I am told someone will get back to me, but nobody does.

As a loyal customer of 5 years, I expect better service than this. I need someone to take ownership of this issue and provide me with a clear timeline for resolution.

Please contact me at your earliest convenience.

Sincerely,
Blake Green
Policy: POL-000240
",2026-10-01T17:35:09
DOC-EMAIL-000176,CUST-0093,POL-000239,,email,Follow-up on claim status,"Hi,

I am following up on the status of my recent claim. I filed it approximately 33 days ago and wanted to check if there are any updates or if you need any additional documentation from me.

My policy number is POL-000239 and my customer ID is CUST-0093. Please let me know the current status and expected timeline.

Thank you,
Blake Green
",2026-08-19T17:35:09
DOC-EMAIL-000177,CUST-0094,POL-000242,,email,Thank you for the excellent service,"Hello,

I just wanted to take a moment to thank your team for the excellent service I received recently. My representative was knowledgeable, patient, and resolved my issue quickly.

It is refreshing to work with a company that values its customers. I have been with you for 8 years and experiences like this are why I stay.

Keep up the great work!

Warm regards,
Parker Bell
",2026-07-19T17:35:09
DOC-EMAIL-000178,CUST-0094,POL-000242,,email,Follow-up on claim status,"Hi,

I am following up on the status of my recent claim. I filed it approximately 32 days ago and wanted to check if there are any updates or if you need any additional documentation from me.

My policy number is POL-000242 and my customer ID is CUST-0094. Please let me know the current status and expected timeline.

Thank you,
Parker Bell
",2026-07-08T17:35:09
DOC-EMAIL-000179,CUST-0094,POL-000242,,email,Follow-up on claim status,"Hi,

I am following up on the status of my recent claim. I filed it approximately 29 days ago and wanted to check if there are any updates or if you need any additional documentation from me.

My policy number is POL-000242 and my customer ID is CUST-0094. Please let me know the current status and expected timeline.

Thank you,
Parker Bell
",2026-08-09T17:35:09
DOC-EMAIL-000180,CUST-0095,POL-000243,,email,Coverage question for my renters policy,"Hi there,

I would like to understand what exactly is covered under my current renters policy (POL-000243). Specifically, I want to know:

1. What are my current coverage limits?
2. What is my deductible for each type of coverage?
3. Are there any gaps in my coverage I should be aware of?

I want to make sure I have adequate protection. Please send me a detailed breakdown or schedule a call to discuss.

Best regards,
Quinn Perez
",2026-08-16T17:35:09
DOC-EMAIL-000181,CUST-0095,POL-000243,,email,Frustrated with claim processing delay,"Dear Customer Service,

I am writing to express my frustration with the delay in processing my claim. It has been over 40 days since I filed and I have not received any meaningful update on the status. Every time I call, I am told someone will get back to me, but nobody does.

As a loyal customer of 11 years, I expect better service than this. I need someone to take ownership of this issue and provide me with a clear timeline for resolution.

Please contact me at your earliest convenience.

Sincerely,
Quinn Perez
Policy: POL-000243
",2026-09-01T17:35:09
DOC-EMAIL-000182,CUST-0096,POL-000246,,email,Thank you for the excellent service,"Hello,

I just wanted to take a moment to thank your team for the excellent service I received recently. My representative was knowledgeable, patient, and resolved my issue quickly.

It is refreshing to work with a company that values its customers. I have been with you for 8 years and experiences like this are why I stay.

Keep up the great work!

Warm regards,
Lee Wright
",2026-07-30T17:35:09
DOC-EMAIL-000183,CUST-0097,POL-000248,,email,Follow-up on claim status,"Hi,

I am following up on the status of my recent claim. I filed it approximately 20 days ago and wanted to check if there are any updates or if you need any additional documentation from me.

My policy number is POL-000248 and my customer ID is CUST-0097. Please let me know the current status and expected timeline.

Thank you,
Ellis Campbell
",2026-09-19T17:35:09
DOC-EMAIL-000184,CUST-0097,POL-000248,,email,Follow-up on claim status,"Hi,

I am following up on the status of my recent claim. I filed it approximately 38 days ago and wanted to check if there are any updates or if you need any additional documentation from me.

My policy number is POL-000248 and my customer ID is CUST-0097. Please let me know the current status and expected timeline.

Thank you,
Ellis Campbell
",2026-08-16T17:35:09
DOC-EMAIL-000185,CUST-0097,POL-000247,,email,Upcoming renewal - what are my options?,"Dear Team,

My home policy (POL-000247) is coming up for renewal on 2025-07-22. Before it renews, I would like to explore my options:

- Can I get a multi-policy discount if I bundle my coverages?
- Are there any loyalty discounts available for long-term customers?
- What would happen to my rate if I increased my deductible?

I appreciate your help and look forward to hearing back.

Thanks,
Ellis Campbell
",2026-09-05T17:35:09
DOC-EMAIL-000186,CUST-0098,POL-000250,,email,Coverage question for my renters policy,"Hi there,

I would like to understand what exactly is covered under my current renters policy (POL-000250). Specifically, I want to know:

1. What are my current coverage limits?
2. What is my deductible for each type of coverage?
3. Are there any gaps in my coverage I should be aware of?

I want to make sure I have adequate protection. Please send me a detailed breakdown or schedule a call to discuss.

Best regards,
Avery Morgan
",2026-07-31T17:35:09
DOC-TRX-000001,CUST-001,,INT-000001,transcript,Call Transcript — Maria Chen (Complaint) on 2026-07-12,"INTERACTION TRANSCRIPT
=====================

Transcript ID: TRX-000001
Interaction ID: INT-000001
Customer: Maria Chen (CUST-001)
Channel: Phone
Type: Call Transcript
Disposition: Complaint
Date: 2026-07-12T14:20:00
Duration: 480 seconds
Recording Consent: TRUE

CONTENT
-------
I am really frustrated with the service I have been receiving. I called three times last week and nobody returned my call. My claim was supposed to be resolved weeks ago but I still have not heard anything. This is unacceptable for a customer who has been with you for years. I expected much better communication from your company.
",2026-07-12T14:20:00
DOC-TRX-000002,CUST-001,,INT-000002,transcript,Email Body — Maria Chen (Inquiry) on 2026-08-06,"INTERACTION TRANSCRIPT
=====================

Transcript ID: TRX-000002
Interaction ID: INT-000002
Customer: Maria Chen (CUST-001)
Channel: Email
Type: Email Body
Disposition: Inquiry
Date: 2026-08-06T09:15:00
Duration:  seconds
Recording Consent: TRUE

CONTENT
-------
I am calling because my premium went up again and nobody can explain why. I have had no claims and my driving record is clean. When I asked the last representative they could not give me a clear answer either. I am starting to feel like I am not valued as a customer here. I need someone to actually look into this and give me a real explanation.
",2026-08-06T09:15:00
DOC-TRX-000003,CUST-001,,INT-000003,transcript,Call Transcript — Maria Chen (General) on 2026-01-18,"INTERACTION TRANSCRIPT
=====================

Transcript ID: TRX-000003
Interaction ID: INT-000003
Customer: Maria Chen (CUST-001)
Channel: Phone
Type: Call Transcript
Disposition: General
Date: 2026-01-18T10:30:00
Duration: 300 seconds
Recording Consent: TRUE

CONTENT
-------
Thank you so much for helping me with my coverage question today. The representative was very knowledgeable and explained everything clearly. I feel much more confident about my policy now. I appreciate the quick and thorough response to my inquiry.
",2026-01-18T10:30:00
DOC-TRX-000004,CUST-001,,INT-000004,transcript,Call Transcript — Maria Chen (General) on 2025-11-19,"INTERACTION TRANSCRIPT
=====================

Transcript ID: TRX-000004
Interaction ID: INT-000004
Customer: Maria Chen (CUST-001)
Channel: Phone
Type: Call Transcript
Disposition: General
Date: 2025-11-19T11:00:00
Duration: 240 seconds
Recording Consent: TRUE

CONTENT
-------
I just wanted to call and say how pleased I am with the service I received last week. My claim was handled efficiently and the communication throughout the process was excellent. Everything was resolved faster than I expected. Thank you for making it so easy.
",2025-11-19T11:00:00
DOC-TRX-000005,CUST-002,,INT-000005,transcript,Call Transcript — James Rodriguez (Complaint) on 2026-06-27,"INTERACTION TRANSCRIPT
=====================

Transcript ID: TRX-000005
Interaction ID: INT-000005
Customer: James Rodriguez (CUST-002)
Channel: Phone
Type: Call Transcript
Disposition: Complaint
Date: 2026-06-27T15:30:00
Duration: 600 seconds
Recording Consent: TRUE

CONTENT
-------
This is the third time I have had to call about the same issue. The previous representative told me it would be resolved within five business days and that was three weeks ago. I am very disappointed with how this has been handled. I should not have to keep following up on something that should have been straightforward. Please escalate this to someone who can actually help.
",2026-06-27T15:30:00
DOC-TRX-000006,CUST-002,,INT-000006,transcript,Call Transcript — James Rodriguez (Complaint) on 2026-07-22,"INTERACTION TRANSCRIPT
=====================

Transcript ID: TRX-000006
Interaction ID: INT-000006
Customer: James Rodriguez (CUST-002)
Channel: Phone
Type: Call Transcript
Disposition: Complaint
Date: 2026-07-22T10:45:00
Duration: 420 seconds
Recording Consent: TRUE

CONTENT
-------
I filed my claim over a month ago and I still have not received any update on the status. Every time I call I get a different answer from a different person. Nobody seems to know what is going on with my file. I am losing patience with this process. I need this resolved immediately or I will have to consider other options.
",2026-07-22T10:45:00
DOC-TRX-000007,CUST-002,,INT-000007,transcript,Call Transcript — James Rodriguez (Inquiry) on 2026-08-11,"INTERACTION TRANSCRIPT
=====================

Transcript ID: TRX-000007
Interaction ID: INT-000007
Customer: James Rodriguez (CUST-002)
Channel: Phone
Type: Call Transcript
Disposition: Inquiry
Date: 2026-08-11T13:00:00
Duration: 180 seconds
Recording Consent: TRUE

CONTENT
-------
I am calling to check on the status of my policy renewal. I received a notice in the mail and wanted to confirm the dates and the premium amount. Can you also verify what coverages are currently included in my policy. I just want to make sure everything is in order before the renewal date.
",2026-08-11T13:00:00
DOC-TRX-000008,CUST-003,,INT-000008,transcript,Call Transcript — Patricia Williams (Inquiry) on 2026-07-07,"INTERACTION TRANSCRIPT
=====================

Transcript ID: TRX-000008
Interaction ID: INT-000008
Customer: Patricia Williams (CUST-003)
Channel: Phone
Type: Call Transcript
Disposition: Inquiry
Date: 2026-07-07T10:00:00
Duration: 200 seconds
Recording Consent: TRUE

CONTENT
-------
Everything looks good with my policy and I appreciate you taking the time to walk me through the details. I have been a customer for several years now and the service has always been reliable. Thank you for confirming my coverage amounts and answering my questions.
",2026-07-07T10:00:00
DOC-TRX-000009,CUST-003,,INT-000009,transcript,Call Transcript — Patricia Williams (General) on 2026-08-01,"INTERACTION TRANSCRIPT
=====================

Transcript ID: TRX-000009
Interaction ID: INT-000009
Customer: Patricia Williams (CUST-003)
Channel: Phone
Type: Call Transcript
Disposition: General
Date: 2026-08-01T14:30:00
Duration: 150 seconds
Recording Consent: TRUE

CONTENT
-------
I called to update my address and the process was so smooth. The representative was friendly and took care of everything in just a few minutes. I also appreciate being informed about the coverage review option. Great experience overall.
",2026-08-01T14:30:00
DOC-TRX-000010,CUST-004,,INT-000010,transcript,Call Transcript — Robert Thompson (Complaint) on 2026-07-02,"INTERACTION TRANSCRIPT
=====================

Transcript ID: TRX-000010
Interaction ID: INT-000010
Customer: Robert Thompson (CUST-004)
Channel: Phone
Type: Call Transcript
Disposition: Complaint
Date: 2026-07-02T09:00:00
Duration: 540 seconds
Recording Consent: TRUE

CONTENT
-------
I received my renewal notice and the premium increase is shocking. Nobody warned me about this kind of increase. I have been a loyal customer for five years with no claims and this is how I am treated. I want to speak with someone who has the authority to do something about this. The current situation is simply not acceptable.
",2026-07-02T09:00:00
DOC-TRX-000011,CUST-004,,INT-000011,transcript,Call Transcript — Robert Thompson (Complaint) on 2026-07-17,"INTERACTION TRANSCRIPT
=====================

Transcript ID: TRX-000011
Interaction ID: INT-000011
Customer: Robert Thompson (CUST-004)
Channel: Phone
Type: Call Transcript
Disposition: Complaint
Date: 2026-07-17T11:15:00
Duration: 480 seconds
Recording Consent: TRUE

CONTENT
-------
I am really frustrated with the service I have been receiving. I called three times last week and nobody returned my call. My claim was supposed to be resolved weeks ago but I still have not heard anything. This is unacceptable for a customer who has been with you for years. I expected much better communication from your company.
",2026-07-17T11:15:00
DOC-TRX-000012,CUST-004,,INT-000012,transcript,Email Body — Robert Thompson (Complaint) on 2026-08-01,"INTERACTION TRANSCRIPT
=====================

Transcript ID: TRX-000012
Interaction ID: INT-000012
Customer: Robert Thompson (CUST-004)
Channel: Email
Type: Email Body
Disposition: Complaint
Date: 2026-08-01T16:00:00
Duration:  seconds
Recording Consent: TRUE

CONTENT
-------
I am calling because my premium went up again and nobody can explain why. I have had no claims and my driving record is clean. When I asked the last representative they could not give me a clear answer either. I am starting to feel like I am not valued as a customer here. I need someone to actually look into this and give me a real explanation.
",2026-08-01T16:00:00
DOC-TRX-000013,CUST-005,,INT-000013,transcript,Call Transcript — Linda Martinez (General) on 2025-12-24,"INTERACTION TRANSCRIPT
=====================

Transcript ID: TRX-000013
Interaction ID: INT-000013
Customer: Linda Martinez (CUST-005)
Channel: Phone
Type: Call Transcript
Disposition: General
Date: 2025-12-24T10:30:00
Duration: 180 seconds
Recording Consent: TRUE

CONTENT
-------
I appreciate the proactive call about my upcoming renewal. It is nice to know that someone is looking out for my account. The rate looks reasonable and I am happy to continue my coverage. Thank you for the excellent customer service.
",2025-12-24T10:30:00
DOC-TRX-000014,CUST-006,,INT-000014,transcript,Call Transcript — Michael Davis (Complaint) on 2026-07-17,"INTERACTION TRANSCRIPT
=====================

Transcript ID: TRX-000014
Interaction ID: INT-000014
Customer: Michael Davis (CUST-006)
Channel: Phone
Type: Call Transcript
Disposition: Complaint
Date: 2026-07-17T14:00:00
Duration: 420 seconds
Recording Consent: TRUE

CONTENT
-------
This is the third time I have had to call about the same issue. The previous representative told me it would be resolved within five business days and that was three weeks ago. I am very disappointed with how this has been handled. I should not have to keep following up on something that should have been straightforward. Please escalate this to someone who can actually help.
",2026-07-17T14:00:00
DOC-TRX-000015,CUST-006,,INT-000016,transcript,Call Transcript — Michael Davis (General) on 2026-02-07,"INTERACTION TRANSCRIPT
=====================

Transcript ID: TRX-000015
Interaction ID: INT-000016
Customer: Michael Davis (CUST-006)
Channel: Phone
Type: Call Transcript
Disposition: General
Date: 2026-02-07T11:30:00
Duration: 200 seconds
Recording Consent: TRUE

CONTENT
-------
Thank you so much for helping me with my coverage question today. The representative was very knowledgeable and explained everything clearly. I feel much more confident about my policy now. I appreciate the quick and thorough response to my inquiry.
",2026-02-07T11:30:00
DOC-TRX-000016,CUST-007,,INT-000017,transcript,Call Transcript — Jennifer Garcia (Complaint) on 2026-08-01,"INTERACTION TRANSCRIPT
=====================

Transcript ID: TRX-000016
Interaction ID: INT-000017
Customer: Jennifer Garcia (CUST-007)
Channel: Phone
Type: Call Transcript
Disposition: Complaint
Date: 2026-08-01T10:00:00
Duration: 360 seconds
Recording Consent: FALSE

CONTENT
-------
I filed my claim over a month ago and I still have not received any update on the status. Every time I call I get a different answer from a different person. Nobody seems to know what is going on with my file. I am losing patience with this process. I need this resolved immediately or I will have to consider other options.
",2026-08-01T10:00:00
DOC-TRX-000017,CUST-007,,INT-000018,transcript,Call Transcript — Jennifer Garcia (Complaint) on 2026-08-16,"INTERACTION TRANSCRIPT
=====================

Transcript ID: TRX-000017
Interaction ID: INT-000018
Customer: Jennifer Garcia (CUST-007)
Channel: Phone
Type: Call Transcript
Disposition: Complaint
Date: 2026-08-16T15:30:00
Duration: 300 seconds
Recording Consent: TRUE

CONTENT
-------
I received my renewal notice and the premium increase is shocking. Nobody warned me about this kind of increase. I have been a loyal customer for five years with no claims and this is how I am treated. I want to speak with someone who has the authority to do something about this. The current situation is simply not acceptable.
",2026-08-16T15:30:00
DOC-TRX-000018,CUST-008,,INT-000019,transcript,Call Transcript — William Anderson (Inquiry) on 2026-07-27,"INTERACTION TRANSCRIPT
=====================

Transcript ID: TRX-000018
Interaction ID: INT-000019
Customer: William Anderson (CUST-008)
Channel: Phone
Type: Call Transcript
Disposition: Inquiry
Date: 2026-07-27T11:00:00
Duration: 240 seconds
Recording Consent: TRUE

CONTENT
-------
I would like to know what my current deductible is and whether there are any options to adjust it. I am not looking to make any changes right now but I want to understand my options for the future. Can you also tell me when my next payment is due.
",2026-07-27T11:00:00
DOC-TRX-000019,CUST-009,,INT-000020,transcript,Call Transcript — Elizabeth Taylor (Complaint) on 2026-08-11,"INTERACTION TRANSCRIPT
=====================

Transcript ID: TRX-000019
Interaction ID: INT-000020
Customer: Elizabeth Taylor (CUST-009)
Channel: Phone
Type: Call Transcript
Disposition: Complaint
Date: 2026-08-11T09:30:00
Duration: 480 seconds
Recording Consent: TRUE

CONTENT
-------
I am really frustrated with the service I have been receiving. I called three times last week and nobody returned my call. My claim was supposed to be resolved weeks ago but I still have not heard anything. This is unacceptable for a customer who has been with you for years. I expected much better communication from your company.
",2026-08-11T09:30:00
DOC-TRX-000020,CUST-010,,INT-000021,transcript,Call Transcript — Daniel Moore (Inquiry) on 2026-06-27,"INTERACTION TRANSCRIPT
=====================

Transcript ID: TRX-000020
Interaction ID: INT-000021
Customer: Daniel Moore (CUST-010)
Channel: Phone
Type: Call Transcript
Disposition: Inquiry
Date: 2026-06-27T13:15:00
Duration: 180 seconds
Recording Consent: TRUE

CONTENT
-------
Everything looks good with my policy and I appreciate you taking the time to walk me through the details. I have been a customer for several years now and the service has always been reliable. Thank you for confirming my coverage amounts and answering my questions.
",2026-06-27T13:15:00
DOC-TRX-000021,CUST-011,,INT-000022,transcript,Call Transcript — Richard Wilson (General) on 2026-07-17,"INTERACTION TRANSCRIPT
=====================

Transcript ID: TRX-000021
Interaction ID: INT-000022
Customer: Richard Wilson (CUST-011)
Channel: Phone
Type: Call Transcript
Disposition: General
Date: 2026-07-17T10:45:00
Duration: 200 seconds
Recording Consent: TRUE

CONTENT
-------
I called to update my address and the process was so smooth. The representative was friendly and took care of everything in just a few minutes. I also appreciate being informed about the coverage review option. Great experience overall.
",2026-07-17T10:45:00
DOC-TRX-000022,CUST-012,,INT-000023,transcript,Call Transcript — Thomas Clark (Inquiry) on 2026-07-12,"INTERACTION TRANSCRIPT
=====================

Transcript ID: TRX-000022
Interaction ID: INT-000023
Customer: Thomas Clark (CUST-012)
Channel: Phone
Type: Call Transcript
Disposition: Inquiry
Date: 2026-07-12T14:00:00
Duration: 240 seconds
Recording Consent: TRUE

CONTENT
-------
I appreciate the proactive call about my upcoming renewal. It is nice to know that someone is looking out for my account. The rate looks reasonable and I am happy to continue my coverage. Thank you for the excellent customer service.
",2026-07-12T14:00:00
DOC-TRX-000023,CUST-012,,INT-000024,transcript,Email Body — Thomas Clark (Request) on 2026-08-06,"INTERACTION TRANSCRIPT
=====================

Transcript ID: TRX-000023
Interaction ID: INT-000024
Customer: Thomas Clark (CUST-012)
Channel: Email
Type: Email Body
Disposition: Request
Date: 2026-08-06T10:30:00
Duration:  seconds
Recording Consent: TRUE

CONTENT
-------
Thank you so much for helping me with my coverage question today. The representative was very knowledgeable and explained everything clearly. I feel much more confident about my policy now. I appreciate the quick and thorough response to my inquiry.
",2026-08-06T10:30:00
DOC-TRX-000024,CUST-012,,INT-000025,transcript,Call Transcript — Thomas Clark (Complaint) on 2026-04-23,"INTERACTION TRANSCRIPT
=====================

Transcript ID: TRX-000024
Interaction ID: INT-000025
Customer: Thomas Clark (CUST-012)
Channel: Phone
Type: Call Transcript
Disposition: Complaint
Date: 2026-04-23T16:00:00
Duration: 420 seconds
Recording Consent: TRUE

CONTENT
-------
This is the third time I have had to call about the same issue. The previous representative told me it would be resolved within five business days and that was three weeks ago. I am very disappointed with how this has been handled. I should not have to keep following up on something that should have been straightforward. Please escalate this to someone who can actually help.
",2026-04-23T16:00:00
DOC-TRX-000025,CUST-0049,,INT-000107,transcript,Email Body — Marlow Mitchell (Notification) on 2025-12-27,"INTERACTION TRANSCRIPT
=====================

Transcript ID: TRX-000025
Interaction ID: INT-000107
Customer: Marlow Mitchell (CUST-0049)
Channel: Email
Type: Email Body
Disposition: Notification
Date: 2025-12-27T08:07:00
Duration:  seconds
Recording Consent: TRUE

CONTENT
-------
I would like to know what my current deductible is and whether there are any options to adjust it. I am not looking to make any changes right now but I want to understand my options for the future. Can you also tell me when my next payment is due.
",2025-12-27T08:07:00
DOC-TRX-000026,CUST-0041,,INT-000092,transcript,Call Transcript — Val Perez (Notification) on 2026-03-12,"INTERACTION TRANSCRIPT
=====================

Transcript ID: TRX-000026
Interaction ID: INT-000092
Customer: Val Perez (CUST-0041)
Channel: Phone
Type: Call Transcript
Disposition: Notification
Date: 2026-03-12T13:07:00
Duration: 766 seconds
Recording Consent: TRUE

CONTENT
-------
I need to update my mailing address on file. I recently moved and want to make sure all my correspondence goes to the right place. Can you also confirm that my auto policy is still active and when it expires. I believe it should be coming up in a few months.
",2026-03-12T13:07:00
DOC-TRX-000027,CUST-0072,,INT-000163,transcript,Call Transcript — Uri Cooper (Inquiry) on 2026-08-01,"INTERACTION TRANSCRIPT
=====================

Transcript ID: TRX-000027
Interaction ID: INT-000163
Customer: Uri Cooper (CUST-0072)
Channel: Phone
Type: Call Transcript
Disposition: Inquiry
Date: 2026-08-01T16:53:00
Duration: 711 seconds
Recording Consent: TRUE

CONTENT
-------
Thank you so much for helping me with my coverage question today. The representative was very knowledgeable and explained everything clearly. I feel much more confident about my policy now. I appreciate the quick and thorough response to my inquiry.
",2026-08-01T16:53:00
DOC-TRX-000028,CUST-0013,,INT-000028,transcript,Call Transcript — Hayden Anderson (General) on 2026-07-29,"INTERACTION TRANSCRIPT
=====================

Transcript ID: TRX-000028
Interaction ID: INT-000028
Customer: Hayden Anderson (CUST-0013)
Channel: Phone
Type: Call Transcript
Disposition: General
Date: 2026-07-29T10:44:00
Duration: 864 seconds
Recording Consent: TRUE

CONTENT
-------
I just wanted to call and say how pleased I am with the service I received last week. My claim was handled efficiently and the communication throughout the process was excellent. Everything was resolved faster than I expected. Thank you for making it so easy.
",2026-07-29T10:44:00
DOC-TRX-000029,CUST-0066,,INT-000151,transcript,Call Transcript — Logan Richardson (Request) on 2026-05-06,"INTERACTION TRANSCRIPT
=====================

Transcript ID: TRX-000029
Interaction ID: INT-000151
Customer: Logan Richardson (CUST-0066)
Channel: Phone
Type: Call Transcript
Disposition: Request
Date: 2026-05-06T09:03:00
Duration: 740 seconds
Recording Consent: TRUE

CONTENT
-------
I am calling to check on the status of my policy renewal. I received a notice in the mail and wanted to confirm the dates and the premium amount. Can you also verify what coverages are currently included in my policy. I just want to make sure everything is in order before the renewal date.
",2026-05-06T09:03:00
DOC-TRX-000030,CUST-0077,,INT-000178,transcript,Call Transcript — Holly Rivera (Request) on 2026-04-08,"INTERACTION TRANSCRIPT
=====================

Transcript ID: TRX-000030
Interaction ID: INT-000178
Customer: Holly Rivera (CUST-0077)
Channel: Phone
Type: Call Transcript
Disposition: Request
Date: 2026-04-08T17:47:00
Duration: 381 seconds
Recording Consent: TRUE

CONTENT
-------
I need to update my mailing address on file. I recently moved and want to make sure all my correspondence goes to the right place. Can you also confirm that my auto policy is still active and when it expires. I believe it should be coming up in a few months.
",2026-04-08T17:47:00
DOC-TRX-000031,CUST-0050,,INT-000109,transcript,Call Transcript — Adrian Morris (Inquiry) on 2026-03-04,"INTERACTION TRANSCRIPT
=====================

Transcript ID: TRX-000031
Interaction ID: INT-000109
Customer: Adrian Morris (CUST-0050)
Channel: Phone
Type: Call Transcript
Disposition: Inquiry
Date: 2026-03-04T12:15:00
Duration: 122 seconds
Recording Consent: TRUE

CONTENT
-------
I need to update my mailing address on file. I recently moved and want to make sure all my correspondence goes to the right place. Can you also confirm that my auto policy is still active and when it expires. I believe it should be coming up in a few months.
",2026-03-04T12:15:00
DOC-TRX-000032,CUST-0067,,INT-000152,transcript,Agent Note — Jules Nelson (Inquiry) on 2026-04-08,"INTERACTION TRANSCRIPT
=====================

Transcript ID: TRX-000032
Interaction ID: INT-000152
Customer: Jules Nelson (CUST-0067)
Channel: Chat
Type: Agent Note
Disposition: Inquiry
Date: 2026-04-08T14:46:00
Duration:  seconds
Recording Consent: TRUE

CONTENT
-------
I just wanted to call and say how pleased I am with the service I received last week. My claim was handled efficiently and the communication throughout the process was excellent. Everything was resolved faster than I expected. Thank you for making it so easy.
",2026-04-08T14:46:00
DOC-TRX-000033,CUST-0060,,INT-000137,transcript,Email Body — Marlow Mitchell (Notification) on 2025-12-06,"INTERACTION TRANSCRIPT
=====================

Transcript ID: TRX-000033
Interaction ID: INT-000137
Customer: Marlow Mitchell (CUST-0060)
Channel: Email
Type: Email Body
Disposition: Notification
Date: 2025-12-06T13:04:00
Duration:  seconds
Recording Consent: TRUE

CONTENT
-------
I would like to know what my current deductible is and whether there are any options to adjust it. I am not looking to make any changes right now but I want to understand my options for the future. Can you also tell me when my next payment is due.
",2025-12-06T13:04:00
DOC-TRX-000034,CUST-0062,,INT-000145,transcript,Email Body — Pat Perez (Request) on 2026-02-02,"INTERACTION TRANSCRIPT
=====================

Transcript ID: TRX-000034
Interaction ID: INT-000145
Customer: Pat Perez (CUST-0062)
Channel: Email
Type: Email Body
Disposition: Request
Date: 2026-02-02T14:12:00
Duration:  seconds
Recording Consent: TRUE

CONTENT
-------
I called to update my address and the process was so smooth. The representative was friendly and took care of everything in just a few minutes. I also appreciate being informed about the coverage review option. Great experience overall.
",2026-02-02T14:12:00
DOC-TRX-000035,CUST-0038,,INT-000081,transcript,Email Body — Winter Walker (General) on 2025-11-05,"INTERACTION TRANSCRIPT
=====================

Transcript ID: TRX-000035
Interaction ID: INT-000081
Customer: Winter Walker (CUST-0038)
Channel: Email
Type: Email Body
Disposition: General
Date: 2025-11-05T09:09:00
Duration:  seconds
Recording Consent: TRUE

CONTENT
-------
I appreciate the proactive call about my upcoming renewal. It is nice to know that someone is looking out for my account. The rate looks reasonable and I am happy to continue my coverage. Thank you for the excellent customer service.
",2025-11-05T09:09:00
DOC-TRX-000036,CUST-0056,,INT-000128,transcript,Call Transcript — Hayden Morris (Request) on 2026-01-14,"INTERACTION TRANSCRIPT
=====================

Transcript ID: TRX-000036
Interaction ID: INT-000128
Customer: Hayden Morris (CUST-0056)
Channel: Phone
Type: Call Transcript
Disposition: Request
Date: 2026-01-14T11:04:00
Duration: 460 seconds
Recording Consent: TRUE

CONTENT
-------
Thank you so much for helping me with my coverage question today. The representative was very knowledgeable and explained everything clearly. I feel much more confident about my policy now. I appreciate the quick and thorough response to my inquiry.
",2026-01-14T11:04:00
DOC-TRX-000037,CUST-0052,,INT-000114,transcript,Agent Note — Lane Nelson (Complaint) on 2026-04-21,"INTERACTION TRANSCRIPT
=====================

Transcript ID: TRX-000037
Interaction ID: INT-000114
Customer: Lane Nelson (CUST-0052)
Channel: Chat
Type: Agent Note
Disposition: Complaint
Date: 2026-04-21T09:48:00
Duration:  seconds
Recording Consent: TRUE

CONTENT
-------
I am calling because my premium went up again and nobody can explain why. I have had no claims and my driving record is clean. When I asked the last representative they could not give me a clear answer either. I am starting to feel like I am not valued as a customer here. I need someone to actually look into this and give me a real explanation.
",2026-04-21T09:48:00
DOC-TRX-000038,CUST-0019,,INT-000041,transcript,Email Body — Cedar Scott (Inquiry) on 2026-08-10,"INTERACTION TRANSCRIPT
=====================

Transcript ID: TRX-000038
Interaction ID: INT-000041
Customer: Cedar Scott (CUST-0019)
Channel: Email
Type: Email Body
Disposition: Inquiry
Date: 2026-08-10T16:18:00
Duration:  seconds
Recording Consent: TRUE

CONTENT
-------
I am calling to check on the status of my policy renewal. I received a notice in the mail and wanted to confirm the dates and the premium amount. Can you also verify what coverages are currently included in my policy. I just want to make sure everything is in order before the renewal date.
",2026-08-10T16:18:00
DOC-TRX-000039,CUST-0038,,INT-000080,transcript,Email Body — Winter Walker (Inquiry) on 2025-10-17,"INTERACTION TRANSCRIPT
=====================

Transcript ID: TRX-000039
Interaction ID: INT-000080
Customer: Winter Walker (CUST-0038)
Channel: Email
Type: Email Body
Disposition: Inquiry
Date: 2025-10-17T08:55:00
Duration:  seconds
Recording Consent: TRUE

CONTENT
-------
I would like to know what my current deductible is and whether there are any options to adjust it. I am not looking to make any changes right now but I want to understand my options for the future. Can you also tell me when my next payment is due.
",2025-10-17T08:55:00
DOC-TRX-000040,CUST-0021,,INT-000044,transcript,Call Transcript — Noel Johnson (General) on 2025-11-17,"INTERACTION TRANSCRIPT
=====================

Transcript ID: TRX-000040
Interaction ID: INT-000044
Customer: Noel Johnson (CUST-0021)
Channel: Phone
Type: Call Transcript
Disposition: General
Date: 2025-11-17T11:45:00
Duration: 154 seconds
Recording Consent: TRUE

CONTENT
-------
I just wanted to call and say how pleased I am with the service I received last week. My claim was handled efficiently and the communication throughout the process was excellent. Everything was resolved faster than I expected. Thank you for making it so easy.
",2025-11-17T11:45:00
DOC-TRX-000041,CUST-0044,,INT-000101,transcript,Email Body — Jules Parker (Request) on 2025-10-23,"INTERACTION TRANSCRIPT
=====================

Transcript ID: TRX-000041
Interaction ID: INT-000101
Customer: Jules Parker (CUST-0044)
Channel: Email
Type: Email Body
Disposition: Request
Date: 2025-10-23T11:09:00
Duration:  seconds
Recording Consent: TRUE

CONTENT
-------
I am calling to check on the status of my policy renewal. I received a notice in the mail and wanted to confirm the dates and the premium amount. Can you also verify what coverages are currently included in my policy. I just want to make sure everything is in order before the renewal date.
",2025-10-23T11:09:00
DOC-TRX-000042,CUST-0022,,INT-000047,transcript,Call Transcript — Hayden Turner (Request) on 2026-03-06,"INTERACTION TRANSCRIPT
=====================

Transcript ID: TRX-000042
Interaction ID: INT-000047
Customer: Hayden Turner (CUST-0022)
Channel: Phone
Type: Call Transcript
Disposition: Request
Date: 2026-03-06T12:05:00
Duration: 234 seconds
Recording Consent: TRUE

CONTENT
-------
Everything looks good with my policy and I appreciate you taking the time to walk me through the details. I have been a customer for several years now and the service has always been reliable. Thank you for confirming my coverage amounts and answering my questions.
",2026-03-06T12:05:00
DOC-TRX-000043,CUST-0057,,INT-000129,transcript,Call Transcript — Cedar Collins (Request) on 2026-02-17,"INTERACTION TRANSCRIPT
=====================

Transcript ID: TRX-000043
Interaction ID: INT-000129
Customer: Cedar Collins (CUST-0057)
Channel: Phone
Type: Call Transcript
Disposition: Request
Date: 2026-02-17T13:01:00
Duration: 385 seconds
Recording Consent: TRUE

CONTENT
-------
I just wanted to call and say how pleased I am with the service I received last week. My claim was handled efficiently and the communication throughout the process was excellent. Everything was resolved faster than I expected. Thank you for making it so easy.
",2026-02-17T13:01:00
DOC-TRX-000044,CUST-0072,,INT-000164,transcript,Call Transcript — Uri Cooper (Inquiry) on 2026-07-20,"INTERACTION TRANSCRIPT
=====================

Transcript ID: TRX-000044
Interaction ID: INT-000164
Customer: Uri Cooper (CUST-0072)
Channel: Phone
Type: Call Transcript
Disposition: Inquiry
Date: 2026-07-20T08:05:00
Duration: 517 seconds
Recording Consent: TRUE

CONTENT
-------
Thank you so much for helping me with my coverage question today. The representative was very knowledgeable and explained everything clearly. I feel much more confident about my policy now. I appreciate the quick and thorough response to my inquiry.
",2026-07-20T08:05:00
DOC-TRX-000045,CUST-0019,,INT-000042,transcript,Call Transcript — Cedar Scott (Complaint) on 2026-06-01,"INTERACTION TRANSCRIPT
=====================

Transcript ID: TRX-000045
Interaction ID: INT-000042
Customer: Cedar Scott (CUST-0019)
Channel: Phone
Type: Call Transcript
Disposition: Complaint
Date: 2026-06-01T17:56:00
Duration: 414 seconds
Recording Consent: TRUE

CONTENT
-------
This is the third time I have had to call about the same issue. The previous representative told me it would be resolved within five business days and that was three weeks ago. I am very disappointed with how this has been handled. I should not have to keep following up on something that should have been straightforward. Please escalate this to someone who can actually help.
",2026-06-01T17:56:00
DOC-TRX-000046,CUST-0079,,INT-000184,transcript,Agent Note — Riley Jones (Inquiry) on 2026-08-05,"INTERACTION TRANSCRIPT
=====================

Transcript ID: TRX-000046
Interaction ID: INT-000184
Customer: Riley Jones (CUST-0079)
Channel: Chat
Type: Agent Note
Disposition: Inquiry
Date: 2026-08-05T08:32:00
Duration:  seconds
Recording Consent: TRUE

CONTENT
-------
I appreciate the proactive call about my upcoming renewal. It is nice to know that someone is looking out for my account. The rate looks reasonable and I am happy to continue my coverage. Thank you for the excellent customer service.
",2026-08-05T08:32:00
DOC-TRX-000047,CUST-0044,,INT-000100,transcript,Agent Note — Jules Parker (Inquiry) on 2026-01-17,"INTERACTION TRANSCRIPT
=====================

Transcript ID: TRX-000047
Interaction ID: INT-000100
Customer: Jules Parker (CUST-0044)
Channel: Chat
Type: Agent Note
Disposition: Inquiry
Date: 2026-01-17T16:38:00
Duration:  seconds
Recording Consent: TRUE

CONTENT
-------
Thank you so much for helping me with my coverage question today. The representative was very knowledgeable and explained everything clearly. I feel much more confident about my policy now. I appreciate the quick and thorough response to my inquiry.
",2026-01-17T16:38:00
DOC-TRX-000048,CUST-0076,,INT-000174,transcript,Call Transcript — Uri Cooper (Notification) on 2026-08-17,"INTERACTION TRANSCRIPT
=====================

Transcript ID: TRX-000048
Interaction ID: INT-000174
Customer: Uri Cooper (CUST-0076)
Channel: Phone
Type: Call Transcript
Disposition: Notification
Date: 2026-08-17T16:42:00
Duration: 330 seconds
Recording Consent: TRUE

CONTENT
-------
I am calling to check on the status of my policy renewal. I received a notice in the mail and wanted to confirm the dates and the premium amount. Can you also verify what coverages are currently included in my policy. I just want to make sure everything is in order before the renewal date.
",2026-08-17T16:42:00
DOC-TRX-000049,CUST-0058,,INT-000133,transcript,Agent Note — Ray Nelson (Inquiry) on 2026-01-24,"INTERACTION TRANSCRIPT
=====================

Transcript ID: TRX-000049
Interaction ID: INT-000133
Customer: Ray Nelson (CUST-0058)
Channel: Chat
Type: Agent Note
Disposition: Inquiry
Date: 2026-01-24T09:45:00
Duration:  seconds
Recording Consent: TRUE

CONTENT
-------
I am calling to check on the status of my policy renewal. I received a notice in the mail and wanted to confirm the dates and the premium amount. Can you also verify what coverages are currently included in my policy. I just want to make sure everything is in order before the renewal date.
",2026-01-24T09:45:00
DOC-TRX-000050,CUST-0057,,INT-000131,transcript,Call Transcript — Cedar Collins (Inquiry) on 2026-03-16,"INTERACTION TRANSCRIPT
=====================

Transcript ID: TRX-000050
Interaction ID: INT-000131
Customer: Cedar Collins (CUST-0057)
Channel: Phone
Type: Call Transcript
Disposition: Inquiry
Date: 2026-03-16T11:37:00
Duration: 691 seconds
Recording Consent: TRUE

CONTENT
-------
I just wanted to call and say how pleased I am with the service I received last week. My claim was handled efficiently and the communication throughout the process was excellent. Everything was resolved faster than I expected. Thank you for making it so easy.
",2026-03-16T11:37:00
DOC-KB-000001,,,,knowledge_base,Retention Call Procedure — Standard Operating Procedure,"RETENTION CALL PROCEDURE
========================

Purpose: Guide service representatives through retention calls for at-risk customers.

STEP 1 — PREPARATION
Review the customer's 360 profile before calling. Note:
- Active policies and renewal dates
- Recent interaction history and sentiment
- Risk tier and contributing signals
- NBA recommendation and confidence level

STEP 2 — OPENING
Acknowledge the customer by name. Reference their tenure. Express appreciation for their loyalty.

STEP 3 — LISTEN AND ACKNOWLEDGE
Ask open-ended questions about their experience. Listen actively. Acknowledge any frustrations without being defensive. Document key concerns.

STEP 4 — OFFER SOLUTIONS
Based on the customer's concerns and the NBA recommendation:
- For premium concerns: Review discount eligibility, multi-policy bundles, deductible adjustments
- For service complaints: Offer dedicated representative, escalate unresolved issues, provide direct contact
- For coverage questions: Schedule a coverage review, explain current protections

STEP 5 — CLOSE AND FOLLOW-UP
Summarize actions taken. Set clear expectations for next steps. Schedule follow-up if needed. Log the interaction and decision in the system.

IMPORTANT: All retention offers must be approved through the human review gate. Do not promise discounts without supervisor authorization.
",2026-01-01T00:00:00
DOC-KB-000002,,,,knowledge_base,Complaint Escalation Procedure,"COMPLAINT ESCALATION PROCEDURE
===============================

When to escalate:
- Customer has called 3+ times about the same issue
- Complaint involves a regulatory concern
- Customer threatens to file a DOI complaint
- Issue has been unresolved for more than 15 business days
- Customer requests a supervisor

ESCALATION LEVELS
-----------------
Level 1 — Senior Representative: Handle complex policy or billing disputes. Response within 24 hours.
Level 2 — Team Supervisor: Handle unresolved Level 1 issues, authorization for retention offers >10%. Response within 4 hours.
Level 3 — Department Manager: Handle regulatory threats, legal concerns, high-value customer retention. Response within 2 hours.

DOCUMENTATION REQUIREMENTS
- Log all escalation details in the interaction record
- Include: original complaint date, number of prior contacts, customer sentiment, specific request, and resolution attempted
- Attach evidence from the customer's 360 profile

RESOLUTION TRACKING
- All escalated complaints must be resolved within 5 business days
- Send confirmation to customer when resolved
- Log resolution in decision audit trail
",2026-01-01T00:00:00
DOC-KB-000003,,,,knowledge_base,Cross-Sell Eligibility Rules and Guidelines,"CROSS-SELL ELIGIBILITY RULES
============================

Eligible cross-sell opportunities are identified by the NBA engine based on customer profile analysis. Representatives should follow these guidelines:

AUTO → HOME BUNDLE
- Eligible if: customer has auto policy, no home policy, tenure > 1 year, payment history is good
- Discount: 10-15% multi-policy discount on combined premium
- Timing: Best during renewal window or after positive interaction

HOME → UMBRELLA
- Eligible if: customer has home policy with dwelling limit > $300K, no umbrella policy
- Discount: 5% umbrella discount when bundled
- Timing: During coverage review or after claim settlement

AUTO → RENTERS (for non-homeowners)
- Eligible if: customer has auto only, no home policy, address indicates rental
- Discount: 8% bundle discount

DO NOT CROSS-SELL WHEN:
- Customer has open complaint (wait until resolved)
- Risk tier is critical (focus on retention first)
- Customer sentiment is negative in last 30 days
- Customer has explicitly declined in last 6 months
",2026-01-01T00:00:00
DOC-KB-000004,,,,knowledge_base,Renewal Discount Policy and Authorization Matrix,"RENEWAL DISCOUNT POLICY
=======================

Purpose: Define authorized discount levels for policy renewals to support customer retention.

STANDARD DISCOUNTS (no approval required):
- Multi-policy bundle: 10-15% (auto-applied)
- Claims-free 3+ years: 5%
- Loyalty 5+ years: 3%
- Paperless billing: 2%
- Autopay enrollment: 2%

RETENTION DISCOUNTS (supervisor approval required):
- At-risk customer adjustment: up to 10%
- Competitive match: up to 12% (requires competitor quote)
- Win-back offer: up to 15% (lapsed customer returning)

MAXIMUM COMBINED DISCOUNT: 25%

AUTHORIZATION MATRIX:
- Up to 10%: Service representative (standard discounts only)
- 10-15%: Team supervisor approval
- 15-20%: Department manager approval
- 20-25%: VP approval (exceptional cases only)

All discounts must be logged in the decision audit trail with justification and approver information.
",2026-01-01T00:00:00
DOC-KB-000005,,,,knowledge_base,Claim Filing and Processing Guide for Representatives,"CLAIM FILING AND PROCESSING GUIDE
=================================

STEP 1 — INTAKE
Collect the following from the customer:
- Policy number and customer ID
- Date and time of loss
- Description of the incident
- Police report number (if applicable)
- Photos or documentation (if available)
- Contact information for other parties involved

STEP 2 — VERIFICATION
- Verify policy is active and covers the type of loss
- Check deductible amount for applicable coverage
- Confirm no duplicate claim exists
- Review coverage limits

STEP 3 — ASSIGNMENT
- Auto claims < $5,000: Fast-track processing (5 business days)
- Auto claims $5,000-$25,000: Standard adjuster assignment
- Home claims: Field inspection required for damage > $2,000
- All claims: Customer receives confirmation email within 24 hours

STEP 4 — COMMUNICATION
- Update customer within 3 business days of filing
- Provide adjuster contact information
- Set expectations for timeline
- Document all communication in interaction log

SLA TARGETS:
- Acknowledgment: 24 hours
- Initial assessment: 5 business days
- Resolution (simple): 15 business days
- Resolution (complex): 30 business days
",2026-01-01T00:00:00
DOC-KB-000006,,,,knowledge_base,Customer Risk Signal Definitions and Weights,"CUSTOMER RISK SIGNAL DEFINITIONS
================================

The Customer 360 platform uses 7 weighted signals to compute a composite risk score (0.0 to 1.0).

1. RENEWAL PROXIMITY (weight: 0.20)
   How close is the nearest policy renewal?
   - Critical: <= 14 days
   - High: 15-30 days
   - Medium: 31-60 days
   - Low: > 60 days

2. NEGATIVE SENTIMENT (weight: 0.20)
   Count of negative-sentiment interactions in last 90 days.
   Derived from AI sentiment analysis of transcripts and emails.

3. SENTIMENT TREND (weight: 0.15)
   Direction of sentiment change: comparing current 90-day window to prior 90-day window.
   - Worsening: score increasing
   - Stable: no significant change
   - Improving: score decreasing

4. PAYMENT RISK (weight: 0.15)
   Ratio of late + missed payments to total payments.
   Higher ratio = higher risk.

5. COMPLAINT ACTIVITY (weight: 0.10)
   Number of complaint-disposition interactions in last 90 days.

6. CLAIM ACTIVITY (weight: 0.10)
   Number of open (unresolved) claims.

7. ENGAGEMENT DROP (weight: 0.05)
   Decline in interaction frequency compared to historical pattern.

8. CROSS-SELL OPPORTUNITY (weight: 0.05)
   Not a risk signal but a positive indicator. Reduces composite risk when customer has bundling potential.

RISK TIERS:
- Critical: >= 0.75
- High: 0.50 - 0.74
- Medium: 0.25 - 0.49
- Low: < 0.25
",2026-01-01T00:00:00
DOC-KB-000007,,,,knowledge_base,Data Privacy and Customer Communication Policy,"DATA PRIVACY AND CUSTOMER COMMUNICATION POLICY
================================================

RECORDING CONSENT
- All call recordings require explicit verbal consent
- If consent is declined, the call proceeds without recording
- Transcripts from non-consented calls are not processed for AI sentiment analysis
- Consent status is logged per interaction

EMAIL COMMUNICATION
- Customer emails are retained for 7 years per regulatory requirement
- Emails containing PII are stored in encrypted format
- Automated email responses must include opt-out instructions

AI-DERIVED INSIGHTS
- AI sentiment scores are advisory, not deterministic
- Representatives must not share raw AI scores with customers
- Recommendations generated by the NBA engine require human approval
- All AI-assisted decisions are logged in the decision audit trail

CUSTOMER DATA ACCESS
- Service representatives access customer data through the Customer 360 application only
- Direct database access is restricted to data engineers
- Auditors have read-only access to decision logs
- All access is logged and auditable
",2026-01-01T00:00:00
